Job ID,Job URL,Job Title,Company Name,Status,Timestamp,WP ID
bb67d19e650fb5fa,https://gr.linkedin.com/jobs/view/learning-development-administrator-at-intracom-defense-4437136943,Learning & Development Administrator,,scraped,2026-07-07T00:28:44.069206,
4cd9b0d754b7fbfc,https://gr.linkedin.com/jobs/view/athens-cabin-crew-opportunities-dubai-based-relocation-provided-at-emirates-4432306663,"Athens Cabin Crew Opportunities (Dubai Based, Relocation Provided)",,scraped,2026-07-07T00:28:55.325319,
1a3cdf3f82d01b52,https://gr.linkedin.com/jobs/view/%CF%83%CF%84%CE%AD%CE%BB%CE%B5%CF%87%CE%BF%CF%82-%CF%84%CE%BC%CE%AE%CE%BC%CE%B1%CF%84%CE%BF%CF%82-%CE%BB%CE%BF%CE%B3%CE%B9%CF%83%CF%84%CE%B7%CF%81%CE%AF%CE%BF%CF%85-at-hdb-hellenic-development-bank-sa-4436305403,Στέλεχος Τμήματος Λογιστηρίου,HDB - Hellenic Development Bank SA,failed|wp_post_failed,2026-07-07T00:29:06.990185,
ecfede777ae20f49,https://gr.linkedin.com/jobs/view/learning-and-development-administrator-at-intracom-defense-4437155265,Learning And Development Administrator,,scraped,2026-07-07T00:29:09.580021,
7c8c6a47eea86ecc,https://gr.linkedin.com/jobs/view/reservation-agent-at-attica-group-4432373726,Reservation Agent,,scraped,2026-07-07T00:29:17.831238,
fcf29eb9ab4284a5,https://gr.linkedin.com/jobs/view/hr-assistant-at-gek-terna-group-of-companies-4435804482,HR Assistant,,scraped,2026-07-07T00:29:25.751242,
742d9c298545ca9d,https://gr.linkedin.com/jobs/view/procurement-buyer-at-intracom-defense-4425463421,Procurement Buyer,,scraped,2026-07-07T00:29:33.104302,
4410e8289375b55a,https://gr.linkedin.com/jobs/view/junior-accounting-analyst-greece-at-barilla-group-4431915527,Junior Accounting Analyst Greece,Barilla Group,posted,2026-07-07T00:29:58.753876,23
54b4ed580f94d96e,https://gr.linkedin.com/jobs/view/production-supervisor-homeopathic-products-process-engineer-at-korres-4436735622,Production Supervisor - Homeopathic Products & Process Engineer,,scraped,2026-07-07T00:30:01.406221,
60d0198b09d3827c,https://gr.linkedin.com/jobs/view/sales-advisor-nissan-%CE%B1%CE%B3-%CF%80%CE%B1%CF%81%CE%B1%CF%83%CE%BA%CE%B5%CF%85%CE%AE-at-sfakianakis-group-4431926377,Sales Advisor NISSAN - Αγ. Παρασκευή,,scraped,2026-07-07T00:30:07.926664,
3fd686dd7ffb24c7,https://gr.linkedin.com/jobs/view/quality-engineer-at-gek-terna-group-of-companies-4436309868,Quality Engineer,,scraped,2026-07-07T00:30:16.531763,
da4e9ad9d1e25302,https://gr.linkedin.com/jobs/view/quality-health-safety-environment-standardization-qhse-s-manager-at-terna-energy-4431916397,"Quality, Health, Safety, Environment & Standardization (QHSE&S) Manager",,scraped,2026-07-07T00:30:23.793092,
eaefd67f01abb63d,https://gr.linkedin.com/jobs/view/executive-assistant-copywriter-at-think-plus-4431569636,EXECUTIVE ASSISTANT / COPYWRITER,,scraped,2026-07-07T00:32:40.165801,
5c4d97148ab1e272,https://gr.linkedin.com/jobs/view/agente-de-atenci%C3%B3n-al-cliente-%E2%80%93-atenas-at-savior-artigos-texteis-lda-4435297637,Agente de Atención al Cliente – Atenas,,scraped,2026-07-07T00:32:47.294389,
dd3c7cdd30d02f77,https://gr.linkedin.com/jobs/view/agente-de-atenci%C3%B3n-al-cliente-%E2%80%93-atenas-at-savior-artigos-texteis-lda-4435293799,Agente de Atención al Cliente – Atenas,,scraped,2026-07-07T00:32:56.967593,
11d853ce7f69c167,https://gr.linkedin.com/jobs/view/agente-de-atenci%C3%B3n-al-cliente-%E2%80%93-atenas-at-savior-artigos-texteis-lda-4435296675,Agente de Atención al Cliente – Atenas,,scraped,2026-07-07T00:33:06.377461,
2a9ad5c014ac96fd,https://gr.linkedin.com/jobs/view/agente-de-atenci%C3%B3n-al-cliente-%E2%80%93-atenas-at-savior-artigos-texteis-lda-4435289799,Agente de Atención al Cliente – Atenas,,scraped,2026-07-07T00:33:15.410786,
8cf3a0523e117f7c,https://gr.linkedin.com/jobs/view/agente-de-atenci%C3%B3n-al-cliente-%E2%80%93-atenas-at-savior-artigos-texteis-lda-4435286898,Agente de Atención al Cliente – Atenas,,scraped,2026-07-07T00:33:23.670090,
41de07d80b4bfc4b,https://gr.linkedin.com/jobs/view/agente-de-atenci%C3%B3n-al-cliente-%E2%80%93-atenas-at-savior-artigos-texteis-lda-4435409067,Agente de Atención al Cliente – Atenas,,scraped,2026-07-07T00:34:36.784408,
398270dd1c54f162,https://gr.linkedin.com/jobs/view/group-financial-controller-at-wherewework-jobs-4436031556,Group Financial Controller,wherewework Jobs,posted,2026-07-07T00:34:57.425693,25
2d626c5c10e1a220,https://gr.linkedin.com/jobs/view/content-creator-graphic-designer-at-bluedot-agency-4433766977,Content Creator / Graphic Designer,,scraped,2026-07-07T00:35:00.098697,
51a443befc964d93,https://gr.linkedin.com/jobs/view/travel-coordinator-at-unforgettable-travel-company-4434979063,Travel Coordinator,,scraped,2026-07-07T00:35:09.683285,
b641cd67b5652ea8,https://gr.linkedin.com/jobs/view/it-support-technician-at-amplus-s-a-4435111543,IT Support Technician,,scraped,2026-07-07T00:36:19.856284,
5d484c491085377a,https://gr.linkedin.com/jobs/view/manager-production-planning-at-lavipharm-4432347025,Manager Production Planning,,scraped,2026-07-07T00:36:32.032757,
73ea4f7fcae17cb2,https://gr.linkedin.com/jobs/view/creative-designer-at-ruby-labs-4436730928,Creative Designer,Ruby Labs,posted,2026-07-07T00:36:47.586702,27
651283a793593d04,https://gr.linkedin.com/jobs/view/cu-brand-manager-at-vodafone-4431929845,CU Brand Manager,,scraped,2026-07-07T00:36:50.214507,
975834c6b3ddb2f9,https://gr.linkedin.com/jobs/view/proposal-manager-at-oq-technology-4431961866,Proposal Manager,,scraped,2026-07-07T00:36:57.046894,
2e149460a875e1be,https://gr.linkedin.com/jobs/view/laboratory-technician-at-wherewework-jobs-4434974964,Laboratory Technician,wherewework Jobs,posted,2026-07-07T00:37:14.816007,29
4d5b39a7c8c27af3,https://gr.linkedin.com/jobs/view/chief-experience-officer-at-wherewework-jobs-4436094586,Chief Experience Officer,wherewework Jobs,posted,2026-07-07T00:37:27.886575,31
88bd35e5031fdbc2,https://gr.linkedin.com/jobs/view/chief-operating-officer-coo-at-wherewework-jobs-4435083427,Chief Operating Officer (COO),wherewework Jobs,posted,2026-07-07T00:38:46.073800,33
73797a5f50b50f65,https://gr.linkedin.com/jobs/view/cashier-4433919104,Cashier,Poudouleveis.gr,posted,2026-07-07T00:38:54.383424,35
7522fc3581285cf2,https://gr.linkedin.com/jobs/view/hotel-licensing-permits-coordinator-4431998015,Hotel Licensing & Permits Coordinator,Poudouleveis.gr,posted,2026-07-07T00:39:03.006903,37
d620786b0a57b54c,https://gr.linkedin.com/jobs/view/store-visual-merchandiser-at-lc-waikiki-4432343601,Store Visual Merchandiser,LC Waikiki,posted,2026-07-07T00:40:23.162885,39
25610231c6adf180,https://gr.linkedin.com/jobs/view/workforce-management-analyst-4431565096,Workforce Management Analyst,Poudouleveis.gr,posted,2026-07-07T00:40:32.631867,41
67e3401dfa34e667,https://gr.linkedin.com/jobs/view/cashier-4433919105,Cashier,Poudouleveis.gr,posted,2026-07-07T00:40:36.803259,35
12019ea35f85d632,https://gr.linkedin.com/jobs/view/executive-search-consultant-4432731547,Executive Search Consultant,Poudouleveis.gr,posted,2026-07-07T00:40:44.291277,43
538f3e854c2e3b50,https://gr.linkedin.com/jobs/view/family-adventure-camp-coordinator-4431983886,Family Adventure Camp Coordinator,Poudouleveis.gr,posted,2026-07-07T00:40:51.394478,45
b10a2a460b0cbd39,https://gr.linkedin.com/jobs/view/hiking-trekking-guide-4432301003,Hiking & Trekking Guide,Poudouleveis.gr,posted,2026-07-07T00:41:00.141841,47
9096a6b581754d0e,https://gr.linkedin.com/jobs/view/%CF%83%CF%84%CE%AD%CE%BB%CE%B5%CF%87%CE%BF%CF%82-%CF%80%CE%BB%CE%AE%CF%81%CE%BF%CF%85%CF%82-%CE%B1%CF%80%CE%B1%CF%83%CF%87%CF%8C%CE%BB%CE%B7%CF%83%CE%B7%CF%82-%E2%80%93-%CF%84%CE%BC%CE%AE%CE%BC%CE%B1-%CF%80%CF%81%CE%BF%CF%83%CF%86%CE%BF%CF%81%CF%8E%CE%BD-%CE%B4%CE%B9%CE%B1%CE%B3%CF%89%CE%BD%CE%B9%CF%83%CE%BC%CF%8E%CE%BD-at-samaras-associates-ltd-4433177464,Στέλεχος Πλήρους Απασχόλησης – Τμήμα Προσφορών & Διαγωνισμών,SAMARAS & ASSOCIATES LTD,posted,2026-07-07T00:41:12.903108,49
a7e56f4c5a602cc4,https://gr.linkedin.com/jobs/view/omnichannel-technology-coordinator-4432300034,Omnichannel Technology Coordinator,Poudouleveis.gr,posted,2026-07-07T00:41:20.579978,51
06fe96e886551006,https://gr.linkedin.com/jobs/view/%CF%84%CE%B1%CE%BC%CE%AF%CE%B1%CF%82-%CE%BD%CE%AD%CE%B1-%CF%83%CE%BC%CF%8D%CF%81%CE%BD%CE%B7-at-kotsovolos-%CE%BA%CF%89%CF%84%CF%83%CF%8C%CE%B2%CE%BF%CE%BB%CE%BF%CF%82-4434619528,Ταμίας - Νέα Σμύρνη,Kotsovolos-Κωτσόβολος,posted,2026-07-07T00:41:35.144852,53
5d4bbfe928119484,https://gr.linkedin.com/jobs/view/food-waste-reduction-manager-4431979892,Food Waste Reduction Manager,Poudouleveis.gr,posted,2026-07-07T00:41:43.789148,55
54cd48f97ee79444,https://gr.linkedin.com/jobs/view/tourism-product-developer-4431988720,Tourism Product Developer,Poudouleveis.gr,posted,2026-07-07T00:41:51.448073,57
734bcb793499ccc6,https://gr.linkedin.com/jobs/view/store-visual-merchandiser-at-lc-waikiki-4433941040,Store Visual Merchandiser,LC Waikiki,posted,2026-07-07T00:42:00.078679,39
1f51c4c7a88c4b4c,https://gr.linkedin.com/jobs/view/hospitality-erp-implementation-specialist-4431982895,Hospitality ERP Implementation Specialist,Poudouleveis.gr,posted,2026-07-07T00:42:08.391097,59
a0952f6e8c06525e,https://gr.linkedin.com/jobs/view/logistics-coordinator-4433901930,Logistics Coordinator,Poudouleveis.gr,posted,2026-07-07T00:42:15.965463,61
31c3a65d6337df6f,https://gr.linkedin.com/jobs/view/collection-agents-%CF%80%CE%AC%CF%84%CF%81%CE%B1-4433715677,Collection Agents-Πάτρα,Poudouleveis.gr,posted,2026-07-07T00:42:23.964510,63
c0dedf55d9aff7e9,https://gr.linkedin.com/jobs/view/recreation-manager-4431983882,Recreation Manager,Poudouleveis.gr,posted,2026-07-07T00:42:31.959158,65
4a16c6e53ac6729c,https://gr.linkedin.com/jobs/view/%CF%83%CF%84%CE%AD%CE%BB%CE%B5%CF%87%CE%BF%CF%82-%CF%80%CE%BB%CE%AE%CF%81%CE%BF%CF%85%CF%82-%CE%B1%CF%80%CE%B1%CF%83%CF%87%CF%8C%CE%BB%CE%B7%CF%83%CE%B7%CF%82-%E2%80%93-%CF%84%CE%BC%CE%AE%CE%BC%CE%B1-%CF%80%CF%81%CE%BF%CF%83%CF%86%CE%BF%CF%81%CF%8E%CE%BD-%CE%B4%CE%B9%CE%B1%CE%B3%CF%89%CE%BD%CE%B9%CF%83%CE%BC%CF%8E%CE%BD-at-samaras-associates-ltd-4435030113,Στέλεχος Πλήρους Απασχόλησης – Τμήμα Προσφορών & Διαγωνισμών,SAMARAS & ASSOCIATES LTD,posted,2026-07-07T00:43:50.937383,67
deaf02479285e3ea,https://gr.linkedin.com/jobs/view/driver-data-collector-in-ormylia-greece-at-tsmg-holding-4436373690,"Driver / Data Collector in Ormylia, Greece",,scraped,2026-07-07T00:43:53.688510,
8520ceedeb88edd8,https://gr.linkedin.com/jobs/view/%CE%B3%CF%81%CE%B1%CE%BC%CE%BC%CE%B1%CF%84%CE%B5%CE%B1%CF%83-%CE%B9%CE%B1%CF%84%CF%81%CE%BF%CF%85-at-group-iaso-4431923894,ΓΡΑΜΜΑΤΕΑΣ ΙΑΤΡΟΥ,,scraped,2026-07-07T00:45:04.894515,
63fb3521a9ff07a2,https://gr.linkedin.com/jobs/view/arabic-speaking-customer-experts-for-messaging-app-at-wherewework-jobs-4435777996,Arabic-Speaking Customer Experts for messaging app,wherewework Jobs,posted,2026-07-07T00:45:23.829340,69
067ba9b3ad4aba98,https://gr.linkedin.com/jobs/view/english-speaking-social-media-content-moderators-4435343613,English-Speaking Social Media Content Moderators,Kaderabotim.bg,posted,2026-07-07T00:45:31.855541,71
cb7c399859e2070d,https://gr.linkedin.com/jobs/view/executive-assistant-at-greece-sotheby-s-international-realty-4437152107,Executive Assistant,,scraped,2026-07-07T00:45:34.382430,
edca00574124d527,https://gr.linkedin.com/jobs/view/architect-interior-designer-at-moda-bagno-sa-4433962229,Architect & Interior Designer,Moda Bagno SA,posted,2026-07-07T00:45:48.523948,73
a2c2c38774775dfd,https://gr.linkedin.com/jobs/view/agente-de-apoio-ao-cliente-%E2%80%93-atenas-at-savior-artigos-texteis-lda-4435401420,Agente de Apoio ao Cliente – Atenas,,scraped,2026-07-07T00:45:51.159986,
c1be17c26afda97b,https://gr.linkedin.com/jobs/view/pa-executive-assistant-to-the-ceo-at-special-risk-solutions-srs-group-of-companies-4432348683,PA/Executive Assistant to the CEO,,scraped,2026-07-07T00:46:01.372498,
a586836c67a10853,https://gr.linkedin.com/jobs/view/freelance-presentation-designer-at-mindrift-4436704696,Freelance Presentation Designer,Mindrift,posted,2026-07-07T00:46:18.308101,75
d6635d7e4d1810ea,https://gr.linkedin.com/jobs/view/agente-de-apoio-ao-cliente-%E2%80%93-atenas-at-savior-artigos-texteis-lda-4435298666,Agente de Apoio ao Cliente – Atenas,,scraped,2026-07-07T00:46:20.891674,
7e45536ef7000945,https://gr.linkedin.com/jobs/view/hotel-development-executive-destsetters-at-destsetters-4436701908,Hotel Development Executive | Destsetters,,scraped,2026-07-07T00:46:30.007258,
c26f16ccfec6dba8,https://gr.linkedin.com/jobs/view/it-support-systems-specialist-at-iknowhow-sa-4435804025,IT Support & Systems Specialist,,scraped,2026-07-07T00:46:36.589088,
44ec1225232916b4,https://gr.linkedin.com/jobs/view/english-speaking-customer-advisor-athens-greece-at-foundever-4435372098,"English speaking Customer Advisor - Athens, Greece",Foundever,posted,2026-07-07T00:47:58.485605,77
201da8a777c2fa2f,https://gr.linkedin.com/jobs/view/%CE%B4%CE%B9%CE%B5%CF%85%CE%B8%CF%85%CE%BD%CF%84%CE%AE%CF%82-resort-at-wherewework-jobs-4435787588,Διευθυντής Resort,wherewework Jobs,posted,2026-07-07T00:48:11.353280,79
c79ce4b7f326683c,https://gr.linkedin.com/jobs/view/junior-general-manager-at-wherewework-jobs-4435561620,Junior General Manager,wherewework Jobs,posted,2026-07-07T00:48:23.172176,81
84d0774de4606e6f,https://gr.linkedin.com/jobs/view/digital-marketing-social-media-specialist-full-time-at-no-thinkin-4431945958,Digital Marketing & Social Media Specialist (Full Time),NO THINKIN,posted,2026-07-07T00:50:46.666723,83
7a815545a316f305,https://gr.linkedin.com/jobs/view/business-development-manager-commerce-platform-at-wolt-4434632259,Business Development Manager - Commerce Platform,,scraped,2026-07-07T00:50:49.315516,
1c3c09c5a7e89293,https://gr.linkedin.com/jobs/view/hotel-photography-art-director-at-wherewework-jobs-4435077762,Hotel Photography Art Director,wherewework Jobs,posted,2026-07-07T00:51:07.358237,85
1761a67e86076604,https://gr.linkedin.com/jobs/view/%CF%85%CF%80%CE%AC%CE%BB%CE%BB%CE%B7%CE%BB%CE%BF%CF%82-%CE%B4%CE%B9%CE%B1%CF%87%CE%B5%CE%AF%CF%81%CE%B9%CF%83%CE%B7%CF%82-%CE%B5%CF%81%CE%B3%CE%B1%CF%83%CE%B9%CF%8E%CE%BD-%CE%B4%CE%B1%CE%BD%CE%B5%CE%AF%CF%89%CE%BD-at-mellon-group-4436497123,Υπάλληλος Διαχείρισης Εργασιών Δανείων,Mellon Group,failed|wp_post_failed,2026-07-07T00:51:20.304694,
c882a1650434fcac,https://gr.linkedin.com/jobs/view/%CF%85%CF%80%CE%AC%CE%BB%CE%BB%CE%B7%CE%BB%CE%BF%CF%82-call-center-at-sfakianakis-group-4432343894,Υπάλληλος Call Center,,scraped,2026-07-07T00:51:22.968330,
fc73706ad7ba55b1,https://gr.linkedin.com/jobs/view/project-assistant-case-management-at-iom-un-migration-4436347490,Project Assistant (Case Management),IOM - UN Migration,posted,2026-07-07T00:51:42.417511,87
806c6ead95415bd0,https://gr.linkedin.com/jobs/view/account-manager-creative-at-sleed-4436351979,Account Manager (Creative),,scraped,2026-07-07T00:51:45.118998,
6643f2bc45ca88c1,https://gr.linkedin.com/jobs/view/store-manager-m-w-at-zadig-voltaire-4433940209,Store Manager (M/W),,scraped,2026-07-07T00:51:52.390702,
a8f0359f98ecf27e,https://gr.linkedin.com/jobs/view/%CF%85%CF%80%CE%AC%CE%BB%CE%BB%CE%B7%CE%BB%CE%BF%CF%82-logistics-%CE%BA%CE%B1%CE%B9-%CE%BC%CE%B5%CF%84%CE%B1%CF%86%CE%BF%CF%81%CF%8E%CE%BD-at-gek-terna-group-of-companies-4436495268,Υπάλληλος Logistics και Μεταφορών,,scraped,2026-07-07T00:51:58.618587,
488e1fc8d95b1546,https://gr.linkedin.com/jobs/view/ux-ui-designer-at-wherewework-jobs-4436099307,UX/UI Designer,wherewework Jobs,posted,2026-07-07T00:53:19.500553,89
ed3ea60727e284bd,https://gr.linkedin.com/jobs/view/sisley-paris-beauty-advisor-at-sisley-paris-4433707658,Sisley Paris beauty advisor,,scraped,2026-07-07T00:53:22.073812,
2e3a2e80a16ae4db,https://gr.linkedin.com/jobs/view/invitation-for-expression-of-interest-for-2-contractual-positions-in-greek-%E2%80%9D%CE%B5%CF%80%CE%B5%CE%BA%CF%84%CE%B1%CF%83%CE%B7-%CE%BA%CE%B1%CE%B9-%CE%B5%CE%BE%CE%B5%CE%BB%CE%B9%CE%BE%CE%B7-%CF%84%CE%BF%CF%85-%CF%80%CE%B1%CE%BD%CE%B5%CE%BB%CE%BB%CE%B7%CE%BD%CE%B9%CE%BF%CF%85-%CF%83%CF%87%CE%BF%CE%BB%CE%B9%CE%BA%CE%BF%CF%85-%CE%B4%CE%B9%CE%BA%CF%84%CF%85%CE%BF%CF%85-2023-2025-%E2%80%9D-at-iccs-ntua-4435532534,Invitation For Expression Of Interest For 2 Contractual Positions (in Greek):”ΕΠΕΚΤΑΣΗ ΚΑΙ ΕΞΕΛΙΞΗ ΤΟΥ ΠΑΝΕΛΛΗΝΙΟΥ ΣΧΟΛΙΚΟΥ ΔΙΚΤΥΟΥ (2023-2025)”,,scraped,2026-07-07T00:53:29.075015,
2c04f2dee9d9b6e3,https://gr.linkedin.com/jobs/view/academic-faculty-for-biological-sciences-at-anatolia-american-university-4435460279,Academic faculty for Biological Sciences,Anatolia American University,posted,2026-07-07T00:53:45.350885,91
725186cf791a2ba6,https://gr.linkedin.com/jobs/view/digital-shelf-manager-at-adidas-4433971437,Digital Shelf Manager,,scraped,2026-07-07T00:53:48.058549,
252e7a4669c00ba7,https://gr.linkedin.com/jobs/view/sales-consultant-premium-fitness-wellness-solutions-at-fais-group-4431554025,Sales Consultant (Premium Fitness & Wellness Solutions),,scraped,2026-07-07T00:53:55.449496,
e35761e91c674fe3,https://gr.linkedin.com/jobs/view/hotel-operations-support-agent-at-lux-easy-4435564503,Hotel Operations Support agent,,scraped,2026-07-07T00:54:03.467119,
2d6ce9be63e2130c,https://gr.linkedin.com/jobs/view/private-label-product-manager-4431993645,Private Label Product Manager,Poudouleveis.gr,posted,2026-07-07T00:54:16.293260,93
c3d95f1957544875,https://gr.linkedin.com/jobs/view/hr-technology-consultant-4432732512,HR Technology Consultant,Poudouleveis.gr,posted,2026-07-07T00:54:24.429856,95
ee5f5a90c9d00acd,https://gr.linkedin.com/jobs/view/pop-up-dining-experience-coordinator-4432301014,Pop-Up Dining Experience Coordinator,Poudouleveis.gr,posted,2026-07-07T00:54:31.630007,97
16c0ff1faf3df2f6,https://gr.linkedin.com/jobs/view/%CE%BA%CE%B1%CE%BC%CE%B1%CF%81%CE%B9%CE%AD%CF%81%CE%B1-%CE%BA%CE%AD%CF%81%CE%BA%CF%85%CF%81%CE%B1-at-mitsis-group-4435453072,Καμαριέρα - Κέρκυρα,,scraped,2026-07-07T00:54:34.217661,
f99c955231f9ae01,https://gr.linkedin.com/jobs/view/%CE%BA%CE%B1%CE%BC%CE%B1%CF%81%CE%B9%CE%AD%CF%81%CE%B1-crete-rinela-at-mitsis-group-4435206435,Καμαριέρα - CRETE/ RINELA,,scraped,2026-07-07T00:54:41.260220,
114a449f40a6d3fc,https://gr.linkedin.com/jobs/view/housekeeper-at-sani-ikos-group-4364841472,Housekeeper,,scraped,2026-07-07T00:54:47.553429,
91adb48f389dac18,https://gr.linkedin.com/jobs/view/f-b-buyer-at-sani-ikos-group-4410195548,F&B Buyer,,scraped,2026-07-07T00:54:54.483421,
11fe96809994b753,https://gr.linkedin.com/jobs/view/housekeeper-at-sani-ikos-group-4364906937,Housekeeper,,scraped,2026-07-07T00:55:01.101448,
17e8e405da0acada,https://gr.linkedin.com/jobs/view/housekeeper-at-sani-ikos-group-4364644749,Housekeeper,,scraped,2026-07-07T00:55:07.836143,
59fbb28dd246f028,https://gr.linkedin.com/jobs/view/cost-estimator-at-sani-ikos-group-4417202357,Cost Estimator,,scraped,2026-07-07T00:55:14.546824,
195b683688c4bcc6,https://gr.linkedin.com/jobs/view/hotel-cleanliness-expert-at-sheraton-hotels-resorts-4435467295,Hotel Cleanliness Expert,Sheraton Hotels &amp; Resorts,posted,2026-07-07T00:56:33.031278,99
2a1669b4a4f91132,https://gr.linkedin.com/jobs/view/hotel-cleanliness-expert-at-sheraton-hotels-resorts-4435452914,Hotel Cleanliness Expert,Sheraton Hotels &amp; Resorts,scraped,2026-07-07T00:56:37.168762,
c6dfb1c5f3884fed,https://gr.linkedin.com/jobs/view/hotel-cleanliness-expert-at-sheraton-hotels-resorts-4435455737,Hotel Cleanliness Expert,Sheraton Hotels &amp; Resorts,scraped,2026-07-07T00:56:41.293820,
768f9fefc785238d,https://gr.linkedin.com/jobs/view/hotel-cleanliness-expert-at-sheraton-hotels-resorts-4435455735,Hotel Cleanliness Expert,Sheraton Hotels &amp; Resorts,scraped,2026-07-07T00:56:45.246098,
7ef7142cc9c4ff81,https://gr.linkedin.com/jobs/view/hotel-cleanliness-expert-at-sheraton-hotels-resorts-4435454750,Hotel Cleanliness Expert,Sheraton Hotels &amp; Resorts,scraped,2026-07-07T00:56:49.250515,
9e6647a65078f601,https://gr.linkedin.com/jobs/view/life-guard-at-sheraton-hotels-resorts-4435496060,Life Guard,Sheraton Hotels &amp; Resorts,posted,2026-07-07T00:56:58.175716,101
75821e54dda578cb,https://gr.linkedin.com/jobs/view/life-guard-at-sheraton-hotels-resorts-4435476894,Life Guard,Sheraton Hotels &amp; Resorts,scraped,2026-07-07T00:57:02.429964,
1ecf58445fdcd906,https://gr.linkedin.com/jobs/view/life-guard-at-sheraton-hotels-resorts-4435485347,Life Guard,Sheraton Hotels &amp; Resorts,scraped,2026-07-07T00:57:06.592423,
1fc60882dd6e14a0,https://gr.linkedin.com/jobs/view/life-guard-at-sheraton-hotels-resorts-4435486371,Life Guard,Sheraton Hotels &amp; Resorts,scraped,2026-07-07T00:57:10.688412,
ab38fe1c9b38f1a8,https://gr.linkedin.com/jobs/view/hotel-cleanliness-expert-at-sheraton-hotels-resorts-4435460514,Hotel Cleanliness Expert,Sheraton Hotels &amp; Resorts,scraped,2026-07-07T00:57:14.795265,
a92402ca3e6c8339,https://gr.linkedin.com/jobs/view/agritourism-host-4431984926,Agritourism Host,Poudouleveis.gr,posted,2026-07-07T00:57:22.851988,103
b17c8c9995906555,https://gr.linkedin.com/jobs/view/travel-agency-relations-manager-4431984959,Travel Agency Relations Manager,Poudouleveis.gr,posted,2026-07-07T00:57:30.470095,105
7e4e340cd0f7faac,https://gr.linkedin.com/jobs/view/guest-data-privacy-officer-4431978997,Guest Data Privacy Officer,Poudouleveis.gr,posted,2026-07-07T00:57:38.733814,107
a4d73b357ee8d644,https://gr.linkedin.com/jobs/view/maintenance-planning-spare-parts-specialist-at-%CE%B7%CF%80%CE%B5%CE%B9%CF%81%CF%89%CF%84%CE%B9%CE%BA%CE%AE-%CE%B2%CE%B9%CE%BF%CE%BC%CE%B7%CF%87%CE%B1%CE%BD%CE%AF%CE%B1-%CE%B5%CE%BC%CF%86%CE%B9%CE%B1%CE%BB%CF%8E%CF%83%CE%B5%CF%89%CE%BD-4432372301,Maintenance Planning & Spare Parts Specialist,Ηπειρωτική Βιομηχανία Εμφιαλώσεων,posted,2026-07-07T00:58:54.499468,109
154029f88dbc3b59,https://gr.linkedin.com/jobs/view/inventory-manager-4433913205,Inventory Manager,Poudouleveis.gr,posted,2026-07-07T00:59:02.521952,111
1db1e0ed79edd301,https://gr.linkedin.com/jobs/view/%CF%83%CF%85%CE%BD%CF%84%CE%B7%CF%81%CE%B7%CF%84%CE%AE%CF%82-%CF%85%CE%B4%CF%81%CE%B1%CF%85%CE%BB%CE%B9%CE%BA%CF%8C%CF%82-crete-at-mitsis-group-4285285072,Συντηρητής Υδραυλικός -CRETE,,scraped,2026-07-07T00:59:05.256040,
82e22301f8b7b9e4,https://gr.linkedin.com/jobs/view/sustainability-green-logistics-coordinator-4431997128,Sustainability & Green Logistics Coordinator,Poudouleveis.gr,posted,2026-07-07T00:59:20.739275,113
32524c4d373919dc,https://gr.linkedin.com/jobs/view/public-area-supervisor-4431984948,Public Area Supervisor,Poudouleveis.gr,posted,2026-07-07T00:59:28.408984,115
446a619ae92df0cf,https://gr.linkedin.com/jobs/view/barista-4431993650,Barista,Poudouleveis.gr,posted,2026-07-07T00:59:36.026435,117
36f87f28e5c9e3c2,https://gr.linkedin.com/jobs/view/pre-opening-manager-4431997096,Pre-Opening Manager,Poudouleveis.gr,posted,2026-07-07T00:59:43.550326,119
d0ef4f1206300a97,https://gr.linkedin.com/jobs/view/spa-receptionist-at-wherewework-jobs-4436036411,Spa Receptionist,wherewework Jobs,posted,2026-07-07T00:59:56.263897,121
b0498e15bd2d3bc2,https://gr.linkedin.com/jobs/view/boutique-supervisor-at-morgans-originals-4435832444,Boutique Supervisor,Morgans Originals,posted,2026-07-07T01:00:07.894979,123
90ab03f420f9a766,https://gr.linkedin.com/jobs/view/head-of-legal-at-wherewework-jobs-4435779986,Head of Legal,wherewework Jobs,posted,2026-07-07T01:00:20.879704,125
a714801e02ee6bcc,https://gr.linkedin.com/jobs/view/%CF%83%CF%8D%CE%BC%CE%B2%CE%BF%CF%85%CE%BB%CE%BF%CF%82-%CF%80%CF%89%CE%BB%CE%AE%CF%83%CE%B5%CF%89%CE%BD-%CE%B4%CE%B5%CE%B7-fiber-%CE%B1%CF%80%CF%8C-1-100%E2%82%AC-bonus-%CE%B1%CF%85%CF%84%CE%BF%CE%BA%CE%AF%CE%BD%CE%B7%CF%84%CE%BF-at-wherewework-jobs-4436036409,"Σύμβουλος πωλήσεων ΔΕΗ Fiber | από 1.100€, bonus, αυτοκίνητο",wherewework Jobs,posted,2026-07-07T01:00:33.140847,127
61e87e28e3786b6f,https://gr.linkedin.com/jobs/view/junior-financial-system-analyst-at-amplus-s-a-4437148553,Junior Financial System Analyst,,scraped,2026-07-07T01:00:35.817856,
402284eea723aae0,https://gr.linkedin.com/jobs/view/receptionist-front-desk-officer-at-tsakos-shipping-and-trading-s-a-4432756589,Receptionist / Front Desk Officer,Tsakos Shipping and Trading S.A.,posted,2026-07-07T01:00:54.646552,129
57143195c171c699,https://gr.linkedin.com/jobs/view/production-director-%CE%B4%CE%B9%CE%B5%CF%85%CE%B8%CF%85%CE%BD%CF%84%CE%AE%CF%82-%CF%80%CE%B1%CF%81%CE%B1%CE%B3%CF%89%CE%B3%CE%AE%CF%82-at-iglass-s-a-4433938870,Production Director (Διευθυντής Παραγωγής),,scraped,2026-07-07T01:00:57.349441,
66f2f1379b74be8c,https://gr.linkedin.com/jobs/view/experienced-reception-bar-all-rounder-hostel-at-yellowsquare-4433966331,Experienced Reception & Bar All-Rounder (Hostel),,scraped,2026-07-07T01:01:05.590592,
d5af13c8c8d2cc9a,https://gr.linkedin.com/jobs/view/hotel-ambassador-at-wherewework-jobs-4435794461,Hotel Ambassador,wherewework Jobs,posted,2026-07-07T01:02:27.867942,131
f5619dd658600344,https://gr.linkedin.com/jobs/view/r-developer-with-life-science-background-at-jobgether-4432371749,R Developer with Life Science Background,,scraped,2026-07-07T01:02:30.473583,
348990dc2607f2ec,https://gr.linkedin.com/jobs/view/bartender-new-hotel-at-donkey-hotels-resorts-4433191230,Bartender - NEW Hotel,,scraped,2026-07-07T01:03:40.686918,
7989a17817b7ece7,https://gr.linkedin.com/jobs/view/short-term-rental-manager-airbnb-booking-com-at-wherewework-jobs-4436030652,Short-Term Rental Manager (Airbnb/Booking.com),wherewework Jobs,posted,2026-07-07T01:05:06.092923,133
8eb264b7ff9618a6,https://gr.linkedin.com/jobs/view/executive-assistant-at-effectus-4433913928,Executive Assistant,,scraped,2026-07-07T01:05:08.762072,
dd1b3cabb6398949,https://gr.linkedin.com/jobs/view/crew-operator-at-diana-shipping-services-s-a-4431900250,Crew Operator,,scraped,2026-07-07T01:06:20.295068,
7915d10d0b70ec5c,https://gr.linkedin.com/jobs/view/shift-leader-%CE%B2%CE%BF%CE%B7%CE%B8%CF%8C%CF%82-%CF%85%CF%80%CE%B5%CF%85%CE%B8%CF%8D%CE%BD%CE%BF%CF%85-%CE%BA%CE%B1%CF%84%CE%B1%CF%83%CF%84%CE%AE%CE%BC%CE%B1%CF%84%CE%BF%CF%82-kos-at-lpp-greece-4437174477,Shift Leader (Βοηθός Υπευθύνου Καταστήματος) - Kos,,scraped,2026-07-07T01:06:27.335609,
36cad7945fe07e58,https://gr.linkedin.com/jobs/view/fluent-english-business-development-specialist-remote-at-supportyourapp-4436181416,(fluent English) Business Development Specialist (remote),,scraped,2026-07-07T01:06:33.855217,
2f58f916a357adc5,https://gr.linkedin.com/jobs/view/youth-programme-volunteer-at-reliefweb-4434928986,Youth Programme Volunteer,ReliefWeb,posted,2026-07-07T01:08:08.043496,135
6c35815ec04d3c90,https://gr.linkedin.com/jobs/view/analyst-global-administration-at-union-maritime-ltd-4437409762,"Analyst, Global Administration",,scraped,2026-07-07T01:08:10.629007,
416607d83830bb91,https://gr.linkedin.com/jobs/view/food-stylist-photography-coordinator-at-wherewework-jobs-4436083917,Food Stylist & Photography Coordinator,wherewework Jobs,posted,2026-07-07T01:09:33.884951,137
6fc7ff7031ec68c7,https://gr.linkedin.com/jobs/view/restaurant-manager-agali-hotel-paxoi-at-domes-resorts-4435136403,Restaurant Manager - Agali Hotel Paxoi,,scraped,2026-07-07T01:09:36.366413,
29b2ad33b2d3e715,https://gr.linkedin.com/jobs/view/luxury-bus-tour-host-4431979928,Luxury Bus Tour Host,Poudouleveis.gr,posted,2026-07-07T01:09:50.552752,139
bf807fd8e3df4cb7,https://gr.linkedin.com/jobs/view/restaurant-crew-heraklio-crete-4433731169,Restaurant Crew - Heraklio Crete,Poudouleveis.gr,posted,2026-07-07T01:09:58.803770,141
084bd66011ebacc5,https://gr.linkedin.com/jobs/view/retail-media-manager-4431989733,Retail Media Manager,Poudouleveis.gr,posted,2026-07-07T01:10:07.589736,143
63f0cc27d72a4d05,https://gr.linkedin.com/jobs/view/foreperson-at-kintec-global-recruitment-4432212375,Foreperson,,scraped,2026-07-07T01:10:10.230176,
c64bb0e69841232b,https://gr.linkedin.com/jobs/view/pet-friendly-services-coordinator-4431989743,Pet-Friendly Services Coordinator,Poudouleveis.gr,posted,2026-07-07T01:10:22.372925,145
1da9660087313260,https://gr.linkedin.com/jobs/view/booking-engine-optimization-specialist-4431988716,Booking Engine Optimization Specialist,Poudouleveis.gr,posted,2026-07-07T01:10:30.665926,147
7a2a45f02957a607,https://gr.linkedin.com/jobs/view/employee-relations-manager-4431992652,Employee Relations Manager,Poudouleveis.gr,posted,2026-07-07T01:10:39.294816,149
fefff87799a761a6,https://gr.linkedin.com/jobs/view/wedding-coordinator-4431997114,Wedding Coordinator,Poudouleveis.gr,posted,2026-07-07T01:10:47.256441,151
4c899045f3e45725,https://gr.linkedin.com/jobs/view/snorkeling-marine-life-tour-guide-4431987746,Snorkeling & Marine Life Tour Guide,Poudouleveis.gr,posted,2026-07-07T01:10:55.657186,153
6f149ff5bd005b90,https://gr.linkedin.com/jobs/view/vendor-relations-manager-4431979896,Vendor Relations Manager,Poudouleveis.gr,posted,2026-07-07T01:11:03.595984,155
fe95fc5d02d1f6f8,https://gr.linkedin.com/jobs/view/assistant-front-office-manager-season-2026-at-santa-marina-a-luxury-collection-resort-mykonos-4436477858,Assistant Front Office Manager (Season 2026),,scraped,2026-07-07T01:11:06.357005,
c494382de0a56b08,https://gr.linkedin.com/jobs/view/graduate-associate-at-humangrounds-4431981028,Graduate Associate,,scraped,2026-07-07T01:12:18.322770,
490f9a0bfc7b36f1,https://gr.linkedin.com/jobs/view/local-support-specialist-italian-at-ratehawk-4435168847,Local Support Specialist (Italian),RateHawk,posted,2026-07-07T01:12:45.591437,157
9d854cefe92a5ed5,https://gr.linkedin.com/jobs/view/ecommerce-coordinator-at-aesthet-4432363115,Ecommerce Coordinator,Aesthet,posted,2026-07-07T01:12:58.519467,159
925fb269c3b05596,https://gr.linkedin.com/jobs/view/academic-faculty-for-political-science-ir-at-anatolia-american-university-4435459436,Academic Faculty for Political Science & IR,Anatolia American University,posted,2026-07-07T01:14:14.309471,161
3eca6d07c0837e8b,https://gr.linkedin.com/jobs/view/%CE%B4%CE%B9%CE%B5%CF%85%CE%B8%CF%85%CE%BD%CF%84%CE%AE%CF%82-%CF%85%CF%80%CE%BF%CE%B4%CE%BF%CF%87%CE%AE%CF%82-at-wherewework-jobs-4436082925,Διευθυντής Υποδοχής,wherewework Jobs,failed|wp_post_failed,2026-07-07T01:14:21.693474,
a54ff17586f47e01,https://gr.linkedin.com/jobs/view/%CF%83%CF%8D%CE%BC%CE%B2%CE%BF%CF%85%CE%BB%CE%BF%CE%B9-%CE%B1%CE%BD%CE%AC%CF%80%CF%84%CF%85%CE%BE%CE%B7%CF%82-%CF%80%CE%B5%CE%BB%CE%B1%CF%84%CE%BF%CE%BB%CE%BF%CE%B3%CE%AF%CE%BF%CF%85-%CE%B4%CE%B5%CE%B7-at-wherewework-jobs-4434996128,Σύμβουλοι ανάπτυξης πελατολογίου ΔΕΗ,wherewework Jobs,failed|wp_post_failed,2026-07-07T01:15:32.884326,
98924b3f1811d3e4,https://gr.linkedin.com/jobs/view/shift-leader-%CE%B2%CE%BF%CE%B7%CE%B8%CF%8C%CF%82-%CF%85%CF%80%CE%B5%CF%85%CE%B8%CF%8D%CE%BD%CE%BF%CF%85-%CE%BA%CE%B1%CF%84%CE%B1%CF%83%CF%84%CE%AE%CE%BC%CE%B1%CF%84%CE%BF%CF%82-tripoli-at-lpp-greece-4437160226,Shift Leader (Βοηθός Υπευθύνου Καταστήματος) - Tripoli,,scraped,2026-07-07T01:15:35.463510,
1c24aed32098e796,https://gr.linkedin.com/jobs/view/manufacturing-engineer-at-intracom-defense-4425460784,Manufacturing Engineer,,scraped,2026-07-07T01:16:45.741255,
24f90d2730a74fa9,https://gr.linkedin.com/jobs/view/production-supervisor-at-%CF%87%CE%B7%CF%84%CE%BF%CF%83-%CE%B1%CE%B2%CE%B5%CE%B5-chitos-sa-4432365130,Production Supervisor,ΧΗΤΟΣ ΑΒΕΕ / CHITOS SA,posted,2026-07-07T01:18:17.141907,163
f303877964fd26fd,https://gr.linkedin.com/jobs/view/group-travel-coordinator-4431985897,Group Travel Coordinator,Poudouleveis.gr,posted,2026-07-07T01:18:25.296831,165
d4227aa59e261cd7,https://gr.linkedin.com/jobs/view/chef-s-table-experience-coordinator-at-wherewework-jobs-4435075887,Chef's Table Experience Coordinator,wherewework Jobs,posted,2026-07-07T01:18:38.369471,167
afc2bc3cfcf77f6d,https://gr.linkedin.com/jobs/view/department-manager-4433911377,Department Manager,Poudouleveis.gr,posted,2026-07-07T01:18:46.311655,169
ec36c2875bf458c7,https://gr.linkedin.com/jobs/view/yoga-retreat-program-coordinator-4431989717,Yoga Retreat Program Coordinator,Poudouleveis.gr,posted,2026-07-07T01:18:53.781852,171
ecc29a2cd1fc24fe,https://gr.linkedin.com/jobs/view/%CF%80%CF%81%CE%BF%CF%83%CF%89%CF%80%CE%B9%CE%BA%CF%8C-%CE%B5%CF%83%CF%84%CE%AF%CE%B1%CF%83%CE%B7%CF%82-kfc-%CE%B1%CE%BB%CE%B9%CE%BC%CE%BF%CF%85-at-kfc-greece-4437193915,Προσωπικό Εστίασης (KFC ΑΛΙΜΟΥ),,scraped,2026-07-07T01:18:56.421711,
7781bb9c4fa15106,https://gr.linkedin.com/jobs/view/anniversary-special-occasions-planner-4431978995,Anniversary & Special Occasions Planner,Poudouleveis.gr,posted,2026-07-07T01:19:09.949490,173
e5b617935b28f2e9,https://gr.linkedin.com/jobs/view/film-tv-production-liaison-4431985882,Film & TV Production Liaison,Poudouleveis.gr,posted,2026-07-07T01:19:17.264172,175
5bcde2a18ba1a61e,https://gr.linkedin.com/jobs/view/hr-consultant-4432739179,HR Consultant,Poudouleveis.gr,posted,2026-07-07T01:19:24.791870,177
d288fec3d52eb71f,https://gr.linkedin.com/jobs/view/media-buyer-at-aylo-4435896860,Media Buyer,,scraped,2026-07-07T01:19:27.564440,
618b34430a824a5c,https://gr.linkedin.com/jobs/view/watersports-instructor-4431987736,Watersports Instructor,Poudouleveis.gr,posted,2026-07-07T01:20:44.047368,179
bd19bbfb79ea292b,https://gr.linkedin.com/jobs/view/store-manager-4433920107,Store Manager,Poudouleveis.gr,posted,2026-07-07T01:20:51.949636,181
1fc13cfd41c37f4a,https://gr.linkedin.com/jobs/view/diversity-equity-inclusion-consultant-4432718883,"Diversity, Equity & Inclusion Consultant",Poudouleveis.gr,posted,2026-07-07T01:20:59.851712,183
c5acccf156397100,https://gr.linkedin.com/jobs/view/store-operations-associate-athens-multiple-locations-at-wolt-4436037219,Store Operations Associate - Athens (Multiple locations),,scraped,2026-07-07T01:21:02.603572,
4c182732b41f6fbe,https://gr.linkedin.com/jobs/view/underwriter-4432730554,Underwriter,Poudouleveis.gr,posted,2026-07-07T01:22:20.208066,185
823d54dde882f79f,https://gr.linkedin.com/jobs/view/laundry-manager-4431976989,Laundry Manager,Poudouleveis.gr,posted,2026-07-07T01:22:27.944286,187
90e812cdb5fcee8d,https://gr.linkedin.com/jobs/view/hotel-it-support-technician-4431983888,Hotel IT Support Technician,Poudouleveis.gr,posted,2026-07-07T01:22:35.710066,189
cc7adc454c6d8c44,https://gr.linkedin.com/jobs/view/detox-cleanse-program-coordinator-4431990652,Detox & Cleanse Program Coordinator,Poudouleveis.gr,posted,2026-07-07T01:22:43.114174,191
3d6c504f5dbe5b82,https://gr.linkedin.com/jobs/view/halal-dietary-compliance-supervisor-4431980944,Halal & Dietary Compliance Supervisor,Poudouleveis.gr,posted,2026-07-07T01:22:50.694764,193
78c4e4b5da8a30ef,https://gr.linkedin.com/jobs/view/hotel-project-manager-4431988718,Hotel Project Manager,Poudouleveis.gr,posted,2026-07-07T01:22:57.963507,195
1be2d064d27dc5c3,https://gr.linkedin.com/jobs/view/horse-riding-experience-manager-4432301004,Horse Riding Experience Manager,Poudouleveis.gr,posted,2026-07-07T01:23:05.599354,197
4ca0ce1803dedf3e,https://gr.linkedin.com/jobs/view/%CE%B4%CE%B7%CE%BC%CE%B9%CE%BF%CF%85%CF%81%CE%B3%CF%8C%CF%82-%CF%80%CE%B5%CF%81%CE%B9%CE%B5%CF%87%CE%BF%CE%BC%CE%AD%CE%BD%CE%BF%CF%85-photographer-at-wherewework-jobs-4435451132,"Δημιουργός Περιεχομένου, & Photographer",wherewework Jobs,posted,2026-07-07T01:23:18.814379,199
e1aadcc4864a7b4b,https://gr.linkedin.com/jobs/view/construction-engineer-at-vertical-engineering-4433197395,Construction Engineer,,scraped,2026-07-07T01:23:21.397999,
dfcf249bb98752e7,https://gr.linkedin.com/jobs/view/store-manager-%23sneaker10-%CE%B5%CF%81%CE%BC%CE%BF%CF%8D-at-cosmos-sport-sa-4436739537,Store Manager #Sneaker10 Ερμού,,scraped,2026-07-07T01:23:29.611245,
04739dea85c0a6c7,https://gr.linkedin.com/jobs/view/academic-faculty-for-business-at-anatolia-american-university-4435459421,Academic Faculty for Business,Anatolia American University,posted,2026-07-07T01:23:43.774600,201
6af454377618eb9d,https://gr.linkedin.com/jobs/view/regional-workplace-manager-region-south-at-wolt-4426249135,"Regional Workplace Manager, Region South",,scraped,2026-07-07T01:23:46.528373,
5e4a3ba7e79d7fc8,https://gr.linkedin.com/jobs/view/%CE%B4%CE%B9%CE%B5%CF%85%CE%B8%CF%85%CE%BD%CF%84%CE%AE%CF%82-%CE%B2%CE%AF%CE%BB%CE%B1%CF%82-at-wherewework-jobs-4435436566,Διευθυντής Βίλας,wherewework Jobs,failed|wp_post_failed,2026-07-07T01:23:58.484181,
8e734f640eb9d230,https://gr.linkedin.com/jobs/view/accountant-at-hatzi-filax-group-training-hr-consulting-academy-4437168474,Accountant,,scraped,2026-07-07T01:24:01.130591,
fba38a53f18bbf34,https://gr.linkedin.com/jobs/view/%CE%B1%CE%BD%CF%8E%CF%84%CE%B5%CF%81%CE%BF%CF%82-%CF%83%CF%8D%CE%BC%CE%B2%CE%BF%CF%85%CE%BB%CE%BF%CF%82-%CF%83%CF%84%CF%81%CE%B1%CF%84%CE%B7%CE%B3%CE%B9%CE%BA%CE%AE%CF%82-at-wherewework-jobs-4435077761,Ανώτερος Σύμβουλος Στρατηγικής,wherewework Jobs,failed|wp_post_failed,2026-07-07T01:24:14.964948,
c9a4555de7dfd16d,https://gr.linkedin.com/jobs/view/sales-advisor-horeca-at-kafea-terra-4435596829,Sales Advisor HoReCa,,scraped,2026-07-07T01:24:17.577642,
d5633cd36dc2f2c8,https://gr.linkedin.com/jobs/view/%CF%83%CF%8D%CE%BC%CE%B2%CE%BF%CF%85%CE%BB%CE%BF%CF%82-%CE%BF%CE%BC%CE%BF%CF%81%CF%86%CE%B9%CE%AC%CF%82-at-wherewework-jobs-4436032534,Σύμβουλος Ομορφιάς,wherewework Jobs,failed|wp_post_failed,2026-07-07T01:26:38.929319,
50c85dea933fc927,https://gr.linkedin.com/jobs/view/%CE%B5%CE%B9%CE%B4%CE%B9%CE%BA%CF%8C%CF%82-%CE%B5%CF%80%CE%AF%CE%BB%CF%85%CF%83%CE%B7%CF%82-%CE%B4%CE%B9%CE%B1%CF%86%CE%BF%CF%81%CF%8E%CE%BD-at-wherewework-jobs-4435784759,Ειδικός Επίλυσης Διαφορών,wherewework Jobs,failed|wp_post_failed,2026-07-07T01:26:46.004763,
ba95cc5961a32895,https://gr.linkedin.com/jobs/view/grants-officer-at-reliefweb-4434953016,Grants Officer,ReliefWeb,posted,2026-07-07T01:27:35.689006,203
63f5ffc2d1bdfde2,https://gr.linkedin.com/jobs/view/photography-video-production-manager-at-wherewework-jobs-4435079506,Photography & Video Production Manager,wherewework Jobs,posted,2026-07-07T01:27:48.424291,205
aeba6da6bd395cd0,https://gr.linkedin.com/jobs/view/sales-account-manager-greece-at-cleedee-4243332014,Sales & Account Manager (Greece),,scraped,2026-07-07T01:27:51.582887,
4fd783b9bd3d5087,https://gr.linkedin.com/jobs/view/sustainability-storytelling-manager-at-wherewework-jobs-4435780864,Sustainability Storytelling Manager,wherewework Jobs,posted,2026-07-07T01:28:08.736881,207
7870ba8d29c1edf0,https://gr.linkedin.com/jobs/view/assistant-project-engineer-at-navinco-ltd-4433180670,Assistant Project Engineer,,scraped,2026-07-07T01:28:11.573702,
aaccce6d9a4fe9e7,https://gr.linkedin.com/jobs/view/english-speaking-microsoft-ads-b2b-customer-experts-at-wherewework-jobs-4435438515,English-speaking Microsoft Ads B2B Customer Experts,wherewework Jobs,posted,2026-07-07T01:28:33.709196,209
c2e141c6fd16f331,https://gr.linkedin.com/jobs/view/%CE%B5%CF%80%CE%B9%CE%BA%CE%B5%CF%86%CE%B1%CE%BB%CE%AE%CF%82-architecture-design-at-wherewework-jobs-4436080992,"Επικεφαλής, Architecture & Design",wherewework Jobs,posted,2026-07-07T01:28:45.692016,211
5c235627196082b3,https://gr.linkedin.com/jobs/view/%CE%B2%CE%BF%CE%B7%CE%B8%CF%8C%CF%82-%CF%83%CE%B5%CF%86-at-wherewework-jobs-4435431867,Βοηθός Σεφ,wherewework Jobs,failed|wp_post_failed,2026-07-07T01:28:52.957158,
afcc7354bedd4ceb,https://gr.linkedin.com/jobs/view/%CF%83%CF%8D%CE%BC%CE%B2%CE%BF%CF%85%CE%BB%CE%BF%CF%82-%CF%80%CF%81%CE%AC%CF%83%CE%B9%CE%BD%CE%B7%CF%82-%CF%87%CF%81%CE%B7%CE%BC%CE%B1%CF%84%CE%BF%CE%B4%CF%8C%CF%84%CE%B7%CF%83%CE%B7%CF%82-at-wherewework-jobs-4435080497,Σύμβουλος Πράσινης Χρηματοδότησης,wherewework Jobs,failed|wp_post_failed,2026-07-07T01:29:00.270965,
a4d82c81e6ec6d80,https://gr.linkedin.com/jobs/view/store-visual-merchandiser-at-lc-waikiki-4432359089,Store Visual Merchandiser,LC Waikiki,posted,2026-07-07T01:29:09.016381,39
df4ae3b890b19963,https://gr.linkedin.com/jobs/view/payroll-officer-at-aambience-services-4435520675,Payroll Officer,,scraped,2026-07-07T01:29:11.590189,
6980f1f74ad66cee,https://gr.linkedin.com/jobs/view/bartender-amanzoe-at-aman-4408249084,Bartender - Amanzoe,,scraped,2026-07-07T01:30:23.804315,
e707b25205397c47,https://gr.linkedin.com/jobs/view/pool-spa-maintenance-technician-4431992656,Pool & Spa Maintenance Technician,Poudouleveis.gr,posted,2026-07-07T01:30:37.054874,213
b90108eab3adf5f8,https://gr.linkedin.com/jobs/view/inventory-control-specialist-4431999003,Inventory Control Specialist,Poudouleveis.gr,posted,2026-07-07T01:30:45.014005,215
25460db5d2b76662,https://gr.linkedin.com/jobs/view/stockroom-manager-at-lc-waikiki-4433169316,Stockroom Manager,LC Waikiki,posted,2026-07-07T01:32:04.804864,217
3c6bdb554217c77e,https://gr.linkedin.com/jobs/view/%CE%B7%CE%BB%CE%B5%CE%BA%CF%84%CF%81%CE%BF%CE%BB%CF%8C%CE%B3%CE%BF%CF%82-santorini-at-mitsis-group-4435457185,Ηλεκτρολόγος - SANTORINI,,scraped,2026-07-07T01:32:07.521351,
3ab1b6f72fe14a20,https://gr.linkedin.com/jobs/view/store-manager-tripoli-at-lpp-greece-4437155567,Store Manager - Tripoli,,scraped,2026-07-07T01:32:14.683717,
21ea70117c6cbc9d,https://gr.linkedin.com/jobs/view/%CE%B2%CE%BF%CE%B7%CE%B8%CF%8C%CF%82-%CF%84%CE%B5%CF%87%CE%BD%CE%B9%CE%BA%CE%BF%CF%8D-%CE%B1%CF%83%CF%86%CE%B1%CE%BB%CE%B5%CE%AF%CE%B1%CF%82-at-mitsis-group-4397220651,Βοηθός Τεχνικού Ασφαλείας,,scraped,2026-07-07T01:32:21.442221,
de0ba46c4b5f461a,https://gr.linkedin.com/jobs/view/mitsis-group-%CE%B8%CE%AD%CF%83%CE%B5%CE%B9%CF%82-%CE%BA%CE%BF%CF%85%CE%B6%CE%AF%CE%BD%CE%B1%CF%82-at-mitsis-group-4436061928,Mitsis Group - Θέσεις Κουζίνας,,scraped,2026-07-07T01:32:27.676011,
899768231864fd81,https://gr.linkedin.com/jobs/view/junior-payroll-assistant-glyfada-at-wherewework-jobs-4435453020,Junior Payroll Assistant (Glyfada),wherewework Jobs,posted,2026-07-07T01:33:49.051375,219
7e523453a2464fee,https://gr.linkedin.com/jobs/view/employee-wellbeing-manager-at-wherewework-jobs-4435072886,Employee Wellbeing Manager,wherewework Jobs,posted,2026-07-07T01:34:01.890275,221
113ddb962ca626d1,https://gr.linkedin.com/jobs/view/hotel-opening-project-coordinator-at-wherewework-jobs-4436037310,Hotel Opening Project Coordinator,wherewework Jobs,posted,2026-07-07T01:34:14.606493,223
f027195ab1586c35,https://gr.linkedin.com/jobs/view/spanish-safety-content-moderator-for-social-media-platform-work-from-athens-at-mercier-consultancy-md-4436949605,Spanish Safety Content Moderator for Social Media Platform | Work from Athens,,scraped,2026-07-07T01:34:17.158860,
fadc0d7de1f07ed7,https://gr.linkedin.com/jobs/view/procurement-supervisor-at-metlen-4434959762,Procurement Supervisor,,scraped,2026-07-07T01:35:03.347082,
dce2ba20fcaf7c34,https://gr.linkedin.com/jobs/view/it-officer-at-mds-shipmanagement-4396918591,IT OFFICER,,scraped,2026-07-07T01:35:11.295128,
06d5de6bc26289fe,https://gr.linkedin.com/jobs/view/hotel-interior-design-coordinator-at-wherewework-jobs-4436092567,Hotel Interior Design Coordinator,wherewework Jobs,posted,2026-07-07T01:35:31.816844,225
1a92fb27a779f97f,https://gr.linkedin.com/jobs/view/executive-assistant-at-wherewework-jobs-4435796376,Executive Assistant,wherewework Jobs,posted,2026-07-07T01:35:45.346947,227
b1cecaf1e597c94f,https://gr.linkedin.com/jobs/view/tech-merchandiser-at-chapter-five-s-a-4435114335,Tech Merchandiser,,scraped,2026-07-07T01:35:48.005583,
00bcbb096f1883a4,https://gr.linkedin.com/jobs/view/call-center-representative-at-pricefox-gr-4436194831,Call Center Representative,Pricefox.gr,posted,2026-07-07T01:36:05.602545,229
6c756c23bea54c8b,https://gr.linkedin.com/jobs/view/cultural-heritage-experience-coordinator-at-wherewework-jobs-4435092027,Cultural Heritage Experience Coordinator,wherewework Jobs,posted,2026-07-07T01:36:17.742189,231
3cc48561c93e7563,https://gr.linkedin.com/jobs/view/%CE%B5%CE%B9%CE%B4%CE%B9%CE%BA%CF%8C%CF%82-%CE%B1%CE%BD%CE%B1%CF%86%CE%BF%CF%81%CF%8E%CE%BD-esg-at-wherewework-jobs-4435433832,Ειδικός Αναφορών ESG,wherewework Jobs,posted,2026-07-07T01:36:32.260927,233
4a2eca985845895c,https://gr.linkedin.com/jobs/view/administrative-support-full-time-rhodes-office-at-f-design-4431555878,Administrative Support (Full Time) - Rhodes' Office,,scraped,2026-07-07T01:36:35.047225,
0396494536ba6d80,https://gr.linkedin.com/jobs/view/wind-turbine-technician-livadeia-at-wherewework-jobs-4435453018,Wind Turbine Technician Livadeia,wherewework Jobs,posted,2026-07-07T01:36:51.332954,235
9e2f4880c91b47c9,https://gr.linkedin.com/jobs/view/%CE%B5%CE%B9%CE%B4%CE%B9%CE%BA%CF%8C%CF%82-%CE%B5%CE%BB%CE%AD%CE%B3%CF%87%CE%BF%CF%85-%CE%B1%CF%80%CE%BF%CE%B8%CE%B5%CE%BC%CE%AC%CF%84%CF%89%CE%BD-at-wherewework-jobs-4435071967,Ειδικός Ελέγχου Αποθεμάτων,wherewework Jobs,failed|wp_post_failed,2026-07-07T01:36:58.584840,
625c6a433bc3649c,https://gr.linkedin.com/jobs/view/french-speaking-content-moderator-social-media-work-in-sofia-bulgaria-at-mercier-consultancy-md-4436985257,"French Speaking Content Moderator Social Media - Work In Sofia, Bulgaria",,scraped,2026-07-07T01:37:01.172245,
3fce0642cdabded2,https://gr.linkedin.com/jobs/view/%CF%85%CF%80%CE%AC%CE%BB%CE%BB%CE%B7%CE%BB%CE%BF%CF%82-%CE%B5%CE%BE%CF%85%CF%80%CE%B7%CF%81%CE%AD%CF%84%CE%B7%CF%83%CE%B7%CF%82-%CF%80%CE%B5%CE%BB%CE%B1%CF%84%CF%8E%CE%BD-at-wherewework-jobs-4435568405,Υπάλληλος Εξυπηρέτησης Πελατών,wherewework Jobs,failed|wp_post_failed,2026-07-07T01:38:19.410565,
1b22a43b0e5864f3,https://gr.linkedin.com/jobs/view/foreman-assistant-at-eviop-tempo-s-a-4431087325,Foreman Assistant,EVIOP-TEMPO S.A.,posted,2026-07-07T01:38:32.739187,237
24c56ea39aafb6db,https://gr.linkedin.com/jobs/view/payroll-personnel-administration-manager-at-lpp-greece-4431942140,Payroll & Personnel Administration Manager,,scraped,2026-07-07T01:38:35.348574,
4d76bd2d91d0578e,https://gr.linkedin.com/jobs/view/director-of-sustainability-at-wherewework-jobs-4435446352,Director of Sustainability,wherewework Jobs,posted,2026-07-07T01:38:51.656359,239
cbb4ab03872a40d5,https://gr.linkedin.com/jobs/view/demand-supply-planner-at-danone-4436713701,Demand & Supply Planner,,scraped,2026-07-07T01:38:54.454220,
4c2bf5e96a088099,https://gr.linkedin.com/jobs/view/customer-management-specialist-at-flora-food-group-4417789007,Customer Management Specialist,,scraped,2026-07-07T01:39:01.089470,
bbd3d928876a0220,https://gr.linkedin.com/jobs/view/fermentation-artisan-spirits-specialist-4431993641,Fermentation & Artisan Spirits Specialist,Poudouleveis.gr,posted,2026-07-07T01:39:13.747628,241
b77b4bec1be471fd,https://gr.linkedin.com/jobs/view/casino-executive-at-stoiximan-4423132460,Casino Executive,Stoiximan,posted,2026-07-07T01:39:27.900937,243
1d344fb94ffc2d54,https://gr.linkedin.com/jobs/view/product-manager-internal-tools-productivity-4431989751,"Product Manager, Internal Tools & Productivity",Poudouleveis.gr,posted,2026-07-07T01:39:36.009449,245
3a8805fb8a4434c6,https://gr.linkedin.com/jobs/view/plumber-4431984960,Plumber,Poudouleveis.gr,posted,2026-07-07T01:39:43.323415,247
3968231316a6a7eb,https://gr.linkedin.com/jobs/view/spa-manager-4431997100,Spa Manager,Poudouleveis.gr,posted,2026-07-07T01:39:50.524591,249
19d7921119b33a7d,https://gr.linkedin.com/jobs/view/sustainability-storytelling-manager-4431995311,Sustainability Storytelling Manager,Poudouleveis.gr,posted,2026-07-07T01:39:54.618468,207
ccdcd4f39d28801d,https://gr.linkedin.com/jobs/view/logistics-coordinator-4433903827,Logistics Coordinator,Poudouleveis.gr,posted,2026-07-07T01:39:58.696875,61
9eb23d243a0b1fe3,https://gr.linkedin.com/jobs/view/sales-specialist-at-courier-center-4433101224,Sales Specialist,COURIER CENTER,posted,2026-07-07T01:40:11.085606,251
f421643e0153da27,https://gr.linkedin.com/jobs/view/accounts-payable-supervisor-4431984952,Accounts Payable Supervisor,Poudouleveis.gr,posted,2026-07-07T01:40:18.341453,253
cc8385e4803736fc,https://gr.linkedin.com/jobs/view/talent-acquisition-specialist-4432718877,Talent Acquisition Specialist,Poudouleveis.gr,posted,2026-07-07T01:40:26.611510,255
ff593adb832aebc3,https://gr.linkedin.com/jobs/view/hospitality-industry-relations-manager-4431976992,Hospitality Industry Relations Manager,Poudouleveis.gr,posted,2026-07-07T01:40:35.003587,257
6b7abab80e5cc0d2,https://gr.linkedin.com/jobs/view/social-media-moderation-specialist-4432721755,Social Media Moderation Specialist,Poudouleveis.gr,posted,2026-07-07T01:40:42.474282,259
596fcb95cb17803c,https://gr.linkedin.com/jobs/view/e-commerce-coordinator-4431991708,E-Commerce Coordinator,Poudouleveis.gr,posted,2026-07-07T01:40:50.039170,261
28d4fa133be42855,https://gr.linkedin.com/jobs/view/cultural-activities-coordinator-4431994582,Cultural Activities Coordinator,Poudouleveis.gr,posted,2026-07-07T01:40:57.660254,263
4d41788d43a7ee3d,https://gr.linkedin.com/jobs/view/custody-depository-specialist-4432735465,Custody & Depository Specialist,Poudouleveis.gr,posted,2026-07-07T01:41:05.576611,265
76da33b3ae3d3436,https://gr.linkedin.com/jobs/view/section-manager-trikala-at-marks-and-spencer-greece-4432351486,Section Manager Trikala,,scraped,2026-07-07T01:41:08.040945,
7bcf97a3b8f70fb0,https://gr.linkedin.com/jobs/view/accommodation-revenue-coordinator-long-haul-east-at-tui-4436315230,Accommodation Revenue Coordinator - Long Haul East,,scraped,2026-07-07T01:41:15.437038,
4fe6704caf781abf,https://gr.linkedin.com/jobs/view/security-manager-4431985890,Security Manager,Poudouleveis.gr,posted,2026-07-07T01:41:29.659174,267
2214f8ab0460dc32,https://gr.linkedin.com/jobs/view/digital-check-in-specialist-4431984951,Digital Check-In Specialist,Poudouleveis.gr,posted,2026-07-07T01:41:37.573799,269
0f61ccf2b9596c84,https://gr.linkedin.com/jobs/view/retail-data-analyst-4431985900,Retail Data Analyst,Poudouleveis.gr,posted,2026-07-07T01:41:45.057814,271
306e59b2a7c058dd,https://gr.linkedin.com/jobs/view/junior-product-manager-at-isquare-sa-apple-authorised-distributor-for-greece-cyprus-4435421490,Junior Product Manager,,scraped,2026-07-07T01:41:47.663021,
2e3fc3b8bb5049d6,https://gr.linkedin.com/jobs/view/archaeological-site-tour-specialist-4432300036,Archaeological Site Tour Specialist,Poudouleveis.gr,posted,2026-07-07T01:41:58.389942,273
1e563e080a37f5ba,https://gr.linkedin.com/jobs/view/non-life-insurance-specialist-4432719836,Non-Life Insurance Specialist,Poudouleveis.gr,posted,2026-07-07T01:42:06.144227,275
3bf220395f50200a,https://gr.linkedin.com/jobs/view/eu-funding-grants-specialist-4432718873,EU Funding & Grants Specialist,Poudouleveis.gr,posted,2026-07-07T01:42:13.477516,277
cd867e66e2a2143c,https://gr.linkedin.com/jobs/view/%CF%80%CF%81%CE%BF%CF%83%CF%89%CF%80%CE%B9%CE%BA%CE%BF-%CE%B5%CF%83%CF%84%CE%B9%CE%B1%CF%84%CE%BF%CF%81%CE%B9%CE%BF%CF%85-%CF%80%CE%B5%CE%B9%CF%81%CE%B1%CE%B9%CE%B1%CF%82-4433731171,ΠΡΟΣΩΠΙΚΟ ΕΣΤΙΑΤΟΡΙΟΥ - ΠΕΙΡΑΙΑΣ,Poudouleveis.gr,posted,2026-07-07T01:42:21.505525,279
3351e2de45649afd,https://gr.linkedin.com/jobs/view/%CF%80%CF%81%CE%BF%CF%83%CF%89%CF%80%CE%B9%CE%BA%CE%BF-%CE%B5%CF%83%CF%84%CE%B9%CE%B1%CF%84%CE%BF%CF%81%CE%B9%CE%BF%CF%85-%CF%80%CE%B5%CE%B9%CF%81%CE%B1%CE%B9%CE%B1%CF%82-4433717575,ΠΡΟΣΩΠΙΚΟ ΕΣΤΙΑΤΟΡΙΟΥ - ΠΕΙΡΑΙΑΣ,Poudouleveis.gr,scraped,2026-07-07T01:42:24.850040,
67cb5e43744ea682,https://gr.linkedin.com/jobs/view/%CF%80%CF%81%CE%BF%CF%83%CF%89%CF%80%CE%B9%CE%BA%CE%BF-%CE%B5%CF%83%CF%84%CE%B9%CE%B1%CF%84%CE%BF%CF%81%CE%B9%CE%BF%CF%85-%CF%80%CE%B5%CE%B9%CF%81%CE%B1%CE%B9%CE%B1%CF%82-4433731166,ΠΡΟΣΩΠΙΚΟ ΕΣΤΙΑΤΟΡΙΟΥ - ΠΕΙΡΑΙΑΣ,Poudouleveis.gr,scraped,2026-07-07T01:42:28.274825,
35a6cd8b2e2f5bd6,https://gr.linkedin.com/jobs/view/%CF%80%CF%81%CE%BF%CF%83%CF%89%CF%80%CE%B9%CE%BA%CE%BF-%CE%B5%CF%83%CF%84%CE%B9%CE%B1%CF%84%CE%BF%CF%81%CE%B9%CE%BF%CF%85-%CF%80%CE%B5%CE%B9%CF%81%CE%B1%CE%B9%CE%B1%CF%82-4433723428,ΠΡΟΣΩΠΙΚΟ ΕΣΤΙΑΤΟΡΙΟΥ - ΠΕΙΡΑΙΑΣ,Poudouleveis.gr,scraped,2026-07-07T01:42:31.870483,
4ac5c852ef02ceb9,https://gr.linkedin.com/jobs/view/event-manager-4431987753,Event Manager,Poudouleveis.gr,posted,2026-07-07T01:42:39.038680,281
61a18c6367253502,https://gr.linkedin.com/jobs/view/fulfillment-center-supervisor-4431989755,Fulfillment Center Supervisor,Poudouleveis.gr,posted,2026-07-07T01:42:46.485753,283
dd94baf78cee1eed,https://gr.linkedin.com/jobs/view/mythology-history-tour-storyteller-4431995292,Mythology & History Tour Storyteller,Poudouleveis.gr,posted,2026-07-07T01:42:53.784751,285
4ad33c2c51edd2a7,https://gr.linkedin.com/jobs/view/business-developer-ft-thessaloniki-at-coca-cola-hbc-4436716292,Business Developer FT Thessaloniki,,scraped,2026-07-07T01:42:56.654122,
1615587f5e9ea55b,https://gr.linkedin.com/jobs/view/mitsis-group-%CE%B8%CE%AD%CF%83%CE%B5%CE%B9%CF%82-%CE%BA%CE%BF%CF%85%CE%B6%CE%AF%CE%BD%CE%B1%CF%82-at-mitsis-group-4436065878,Mitsis Group - Θέσεις Κουζίνας,,scraped,2026-07-07T01:43:02.907216,
d3946a7df2087a99,https://gr.linkedin.com/jobs/view/agreed-upon-procedures-specialist-4432731557,Agreed-Upon Procedures Specialist,Poudouleveis.gr,posted,2026-07-07T01:43:15.321189,287
04db8b281ea5234a,https://gr.linkedin.com/jobs/view/product-manager-%40-thessaloniki-at-deloitte-4399235492,Product Manager @ Thessaloniki,Deloitte,posted,2026-07-07T01:43:51.394971,289
3b25b117432cd103,https://gr.linkedin.com/jobs/view/store-operations-associate-ampelokipoi-at-wolt-4436023869,Store Operations Associate - Ampelokipoi,,scraped,2026-07-07T01:43:53.953850,
368c0b413c32d5f2,https://gr.linkedin.com/jobs/view/procurement-manager-4431992663,Procurement Manager,Poudouleveis.gr,posted,2026-07-07T01:44:07.002174,291
943ee7db695a30ea,https://gr.linkedin.com/jobs/view/technical-coordinator-at-thalatta-shipping-management-s-a-4432378162,Technical Coordinator,Thalatta Shipping Management S.A.,posted,2026-07-07T01:44:18.026097,293
1d9e8ec6a9297212,https://gr.linkedin.com/jobs/view/security-supervisor-at-wherewework-jobs-4435440478,Security Supervisor,wherewework Jobs,posted,2026-07-07T01:44:30.548525,295
1dbc85b797522459,https://gr.linkedin.com/jobs/view/%CE%B4%CE%B9%CE%B5%CF%85%CE%B8%CF%85%CE%BD%CF%84%CE%AE%CF%82-%CE%BD%CE%BF%CE%BC%CE%B9%CE%BA%CF%8E%CE%BD-%CE%BB%CE%B5%CE%B9%CF%84%CE%BF%CF%85%CF%81%CE%B3%CE%B9%CF%8E%CE%BD-at-wherewework-jobs-4436087783,Διευθυντής Νομικών Λειτουργιών,wherewework Jobs,failed|wp_post_failed,2026-07-07T01:44:37.869157,
b9a4794e69ba4800,https://gr.linkedin.com/jobs/view/hotel-it-support-technician-at-wherewework-jobs-4435783777,Hotel IT Support Technician,wherewework Jobs,posted,2026-07-07T01:44:45.876269,189
decd9dcf8a01e6a4,https://gr.linkedin.com/jobs/view/chief-technology-officer-cto-telecom-4431565099,"Chief Technology Officer (CTO), Telecom",Poudouleveis.gr,posted,2026-07-07T01:44:52.991675,297
4bd98ffe91120efc,https://gr.linkedin.com/jobs/view/product-quality-lifecycle-supervisor-at-pharmathen-4436370132,Product Quality Lifecycle Supervisor,,scraped,2026-07-07T01:44:55.763779,
ff19b10e3f5f81fc,https://gr.linkedin.com/jobs/view/%CF%85%CF%80%CE%B5%CF%8D%CE%B8%CF%85%CE%BD%CE%BF%CF%82-%CE%B7-%CE%BC%CE%B9%CF%83%CE%B8%CE%BF%CE%B4%CE%BF%CF%83%CE%AF%CE%B1%CF%82-hr-pe-001-%CF%83%CE%AF%CE%BD%CE%B4%CE%BF%CF%82-%CE%B8%CE%B5%CF%83%CF%83%CE%B1%CE%BB%CE%BF%CE%BD%CE%AF%CE%BA%CE%B7-at-hb-body-group-4432337459,"Υπεύθυνος/η μισθοδοσίας HR-PE-001 / Σίνδος, Θεσσαλονίκη",,scraped,2026-07-07T01:45:03.984824,
ce1e2f891543a41d,https://gr.linkedin.com/jobs/view/chief-accountant-at-rosewood-blue-palace-4404029894,Chief Accountant,,scraped,2026-07-07T01:45:12.587780,
8ced1ebfaeea0948,https://gr.linkedin.com/jobs/view/%CE%B5%CF%80%CE%B9%CE%B2%CE%BB%CE%AD%CF%80%CF%89%CE%BD-%CE%BC%CE%B7%CF%87%CE%B1%CE%BD%CE%B9%CE%BA%CF%8C%CF%82-%CF%83%CF%85%CE%BD%CF%84%CE%AE%CF%81%CE%B7%CF%83%CE%B7%CF%82-%CE%B7-%CE%BC-%CF%83%CF%85%CF%83%CF%84%CE%B7%CE%BC%CE%AC%CF%84%CF%89%CE%BD-at-gek-terna-group-of-companies-4437141862,Επιβλέπων Μηχανικός Συντήρησης Η/Μ Συστημάτων,,scraped,2026-07-07T01:45:26.273707,
291e35d7ca6ef81a,https://gr.linkedin.com/jobs/view/%CE%B4%CE%B9%CE%B5%CF%85%CE%B8%CF%85%CE%BD%CF%84%CE%AE%CF%82-%CF%80%CF%89%CE%BB%CE%AE%CF%83%CE%B5%CF%89%CE%BD-at-wherewework-jobs-4435431864,Διευθυντής Πωλήσεων,wherewework Jobs,failed|wp_post_failed,2026-07-07T01:45:37.732202,
8b1ec3ec7889ca7c,https://gr.linkedin.com/jobs/view/cruise-port-representative-at-wherewework-jobs-4435085335,Cruise Port Representative,wherewework Jobs,posted,2026-07-07T01:45:50.401317,299
9bc52042dcb9fd4f,https://gr.linkedin.com/jobs/view/assistant-store-manager-%23sneaker10-%CE%B6%CE%AC%CE%BA%CF%85%CE%BD%CE%B8%CE%BF%CF%82-at-cosmos-sport-sa-4432369543,Assistant Store Manager #Sneaker10 Ζάκυνθος,,scraped,2026-07-07T01:45:53.190463,
e876ac898c839dc4,https://gr.linkedin.com/jobs/view/product-manager-marketplace-two-sided-platforms-4431999022,"Product Manager, Marketplace & Two-Sided Platforms",Poudouleveis.gr,posted,2026-07-07T01:46:06.666148,301
88032fd55a80ae03,https://gr.linkedin.com/jobs/view/workforce-management-analyst-bpo-4432729625,"Workforce Management Analyst, BPO",Poudouleveis.gr,posted,2026-07-07T01:46:14.148537,303
bbfdacc36047ff2d,https://gr.linkedin.com/jobs/view/restaurant-crew-south-athens-4433712687,Restaurant Crew - South Athens,Poudouleveis.gr,posted,2026-07-07T01:46:22.083266,305
753ce96569b9cfa9,https://gr.linkedin.com/jobs/view/junior-sap-consultant-at-ey-4320821718,Junior SAP Consultant,EY,posted,2026-07-07T01:46:33.158217,307
e36bffb1fb2a252c,https://gr.linkedin.com/jobs/view/gastronomy-tourism-coordinator-4431985879,Gastronomy Tourism Coordinator,Poudouleveis.gr,posted,2026-07-07T01:46:41.247705,309
7a17c73c284468b4,https://gr.linkedin.com/jobs/view/%CF%83%CF%85%CE%B3%CE%BA%CE%BF%CE%BB%CE%BB%CE%B7%CF%84%CE%AE%CF%82-4432739180,Συγκολλητής,Poudouleveis.gr,failed|wp_post_failed,2026-07-07T01:46:44.970760,
2e91bef955e30562,https://gr.linkedin.com/jobs/view/branch-manager-4433912307,Branch Manager,Poudouleveis.gr,posted,2026-07-07T01:46:52.277759,311
551749f1154a7a83,https://gr.linkedin.com/jobs/view/shift-supervisor-4431994577,Shift Supervisor,Poudouleveis.gr,posted,2026-07-07T01:46:59.825359,313
c64c4755f5ea4236,https://gr.linkedin.com/jobs/view/scuba-diving-instructor-4431998031,Scuba Diving Instructor,Poudouleveis.gr,posted,2026-07-07T01:47:07.356112,315
02999ad411e53fc0,https://gr.linkedin.com/jobs/view/telecom-it-project-manager-at-wherewework-jobs-4435445340,Telecom IT Project Manager,wherewework Jobs,posted,2026-07-07T01:47:19.718690,317
c87c5a77d61d4888,https://gr.linkedin.com/jobs/view/graphic-designer-at-digital-publications-group-4357512764,Graphic Designer,Digital Publications Group,posted,2026-07-07T01:47:32.979888,319
da9c9e9a780f70a9,https://gr.linkedin.com/jobs/view/%CF%84%CE%B5%CF%87%CE%BD%CE%B9%CE%BA%CF%8C%CF%82-%CE%B1%CE%BD%CF%85%CF%88%CF%89%CF%84%CE%B9%CE%BA%CF%8E%CE%BD-%CE%BC%CE%B7%CF%87%CE%B1%CE%BD%CE%B7%CE%BC%CE%AC%CF%84%CF%89%CE%BD-toyota-material-handling-%CE%AC%CE%B3%CE%B9%CE%BF%CF%82-%CF%83%CF%84%CE%AD%CF%86%CE%B1%CE%BD%CE%BF%CF%82-at-wherewework-jobs-4434984897,Τεχνικός Ανυψωτικών Μηχανημάτων - TOYOTA Material Handling (Άγιος Στέφανος),wherewework Jobs,posted,2026-07-07T01:47:45.428175,321
36c8cd09d31f04c7,https://gr.linkedin.com/jobs/view/store-manager-adidas-designer-outlet-athens-spata-at-adidas-4424884237,"Store Manager adidas - Designer Outlet Athens, Spata",,scraped,2026-07-07T01:47:48.042433,
1f455b62659ca8a5,https://gr.linkedin.com/jobs/view/%CE%B5%CF%80%CE%B9%CE%BA%CE%B5%CF%86%CE%B1%CE%BB%CE%AE%CF%82-%CE%B8%CF%85%CF%81%CF%89%CF%81%CE%B5%CE%AF%CE%BF%CF%85-at-wherewework-jobs-4435572295,Επικεφαλής Θυρωρείου,wherewework Jobs,failed|wp_post_failed,2026-07-07T01:47:59.843207,
5e9aee83931c4a7f,https://gr.linkedin.com/jobs/view/junior-engineer-at-accutech-s-a-4432777941,Junior Engineer,ACCUTECH S.A.,posted,2026-07-07T01:48:14.546745,322
8193cb88c071874a,https://gr.linkedin.com/jobs/view/technical-business-analyst-at-bluedot-software-4432753699,Technical Business Analyst,,scraped,2026-07-07T01:48:17.431511,
eecd76190f0f34f1,https://gr.linkedin.com/jobs/view/it-systems-engineer-at-netplan-gr-4431576527,IT Systems Engineer,,scraped,2026-07-07T01:48:24.586428,
5368b5d130f05cc4,https://gr.linkedin.com/jobs/view/%CE%BE%CE%B5%CE%BD%CE%B1%CE%B3%CF%8C%CF%82-italian-speaking-at-wherewework-jobs-4435438517,"Ξεναγός, (Italian-Speaking)",wherewework Jobs,posted,2026-07-07T01:48:42.329167,324
022cf23c2d981f86,https://gr.linkedin.com/jobs/view/senior-architect-at-archisearch-4436195232,SENIOR ARCHITECT,,scraped,2026-07-07T01:48:44.930544,
44242278fe8ef539,https://gr.linkedin.com/jobs/view/maintenance-technician-at-metlen-4436750025,Maintenance Technician,,scraped,2026-07-07T01:48:51.627898,
1c4366d8b1883bc8,https://gr.linkedin.com/jobs/view/customer-experience-specialist-4431987759,Customer Experience Specialist,Poudouleveis.gr,posted,2026-07-07T01:49:04.844291,326
8fc590b6b844bb53,https://gr.linkedin.com/jobs/view/hotel-general-manager-assistant-4432302005,Hotel General Manager Assistant,Poudouleveis.gr,posted,2026-07-07T01:49:12.473204,328
caa4f394db03176e,https://gr.linkedin.com/jobs/view/internal-controls-specialist-4432717843,Internal Controls Specialist,Poudouleveis.gr,posted,2026-07-07T01:49:20.170637,330
e54fe1ea34d21b62,https://gr.linkedin.com/jobs/view/content-moderation-bilingual-slovakian-english-at-taskus-4385077356,Content Moderation - Bilingual Slovakian/English,,scraped,2026-07-07T01:49:23.049355,
b2d28440c5dd40ae,https://gr.linkedin.com/jobs/view/%CF%85%CF%80%CE%AC%CE%BB%CE%BB%CE%B7%CE%BB%CE%BF%CE%B9-%CE%B1%CF%80%CE%BF%CE%B8%CE%AE%CE%BA%CE%B7%CF%82-%CF%80%CF%81%CF%89%CE%B9%CE%BD%CF%8C-%CF%89%CF%81%CE%AC%CF%81%CE%B9%CE%BF-%CE%B1%CF%83%CF%80%CF%81%CF%8C%CF%80%CF%85%CF%81%CE%B3%CE%BF%CF%82-at-wherewework-jobs-4436081930,"Υπάλληλοι Αποθήκης (Πρωινό Ωράριο, Ασπρόπυργος)",wherewework Jobs,posted,2026-07-07T01:50:20.383980,332
6928646e3c3b5287,https://gr.linkedin.com/jobs/view/product-owner-%40-thessaloniki-at-deloitte-4399268160,Product Owner @ Thessaloniki,Deloitte,posted,2026-07-07T01:50:50.079895,334
95189ff3e3963b88,https://gr.linkedin.com/jobs/view/business-developer-ft-evros-rodopi-at-coca-cola-hbc-4435814137,Business Developer FT Evros & Rodopi,,scraped,2026-07-07T01:50:52.792680,
3ddccb909bfc86bd,https://gr.linkedin.com/jobs/view/sap-btp-developer-%40-thessaloniki-at-deloitte-4323613442,SAP BTP Developer @ Thessaloniki,Deloitte,posted,2026-07-07T01:51:20.685717,336
5b4343a7239eb1a7,https://gr.linkedin.com/jobs/view/mitsis-group-%CE%B8%CE%AD%CF%83%CE%B5%CE%B9%CF%82-%CE%BA%CE%BF%CF%85%CE%B6%CE%AF%CE%BD%CE%B1%CF%82-at-mitsis-group-4436061919,Mitsis Group - Θέσεις Κουζίνας,,scraped,2026-07-07T01:51:23.424059,
8c0ac6ee0e25ae63,https://gr.linkedin.com/jobs/view/restaurant-crew-piraeus-4433722425,Restaurant Crew - Piraeus,Poudouleveis.gr,posted,2026-07-07T01:51:36.664897,338
c682b63d76d27d75,https://gr.linkedin.com/jobs/view/yoga-instructor-4431995277,Yoga Instructor,Poudouleveis.gr,posted,2026-07-07T01:51:44.102198,340
2a23bf4f51393710,https://gr.linkedin.com/jobs/view/visual-merchandiser-4431985916,Visual Merchandiser,Poudouleveis.gr,posted,2026-07-07T01:51:51.229246,342
e668a869da529389,https://gr.linkedin.com/jobs/view/ferry-customer-service-agent-4431979930,Ferry Customer Service Agent,Poudouleveis.gr,posted,2026-07-07T01:51:59.105902,344
1f95e091139da57a,https://gr.linkedin.com/jobs/view/aml-specialist-4433904757,AML Specialist,Poudouleveis.gr,posted,2026-07-07T01:52:07.288678,346
9609eb832245361f,https://gr.linkedin.com/jobs/view/stakeholder-engagement-manager-4432739183,Stakeholder Engagement Manager,Poudouleveis.gr,posted,2026-07-07T01:52:16.194148,348
ef97bdc6cd4d85d8,https://gr.linkedin.com/jobs/view/%CF%87%CE%B5%CE%B9%CF%81%CE%B9%CF%83%CF%84%CE%AE%CF%82-%CE%BA%CE%BB%CE%B1%CF%81%CE%BA-%CE%BF%CF%81%CE%B9%CF%83%CE%BC%CE%AD%CE%BD%CE%BF%CF%85-%CF%87%CF%81%CF%8C%CE%BD%CE%BF%CF%85-%CE%AD%CE%B4%CF%81%CE%B1-%CF%81%CE%B9%CF%84%CF%83%CF%8E%CE%BD%CE%B1-at-olympic-brewery-part-of-the-carlsberg-group-4394773230,"Χειριστής Κλαρκ (ορισμένου χρόνου, έδρα Ριτσώνα)",,scraped,2026-07-07T01:52:18.806471,
4a3b36b22d9c918b,https://gr.linkedin.com/jobs/view/customer-care-agent-based-in-heraklion-crete-at-novibet-4436086715,"Customer Care Agent (Based in Heraklion, Crete)",,scraped,2026-07-07T01:53:29.477785,
fba1a02e1aeeefe9,https://gr.linkedin.com/jobs/view/aml-specialist-4433915167,AML Specialist,Poudouleveis.gr,posted,2026-07-07T01:53:38.732484,346
b86a6c300e6111a4,https://gr.linkedin.com/jobs/view/banking-systems-analyst-4432740061,Banking Systems Analyst,Poudouleveis.gr,posted,2026-07-07T01:53:46.884388,350
5a87d2e4d1d8e441,https://gr.linkedin.com/jobs/view/online-fraud-prevention-analyst-4431991686,Online Fraud Prevention Analyst,Poudouleveis.gr,posted,2026-07-07T01:53:54.853506,352
c1e69fe4a712721f,https://gr.linkedin.com/jobs/view/database-administrator-postgresql-oracle-4431994605,"Database Administrator, PostgreSQL & Oracle",Poudouleveis.gr,posted,2026-07-07T01:54:02.825803,354
83ebd5c5082bea22,https://gr.linkedin.com/jobs/view/brand-experience-manager-4431990657,Brand Experience Manager,Poudouleveis.gr,posted,2026-07-07T01:54:10.274606,356
72140f332fffa188,https://gr.linkedin.com/jobs/view/marketplace-manager-amazon-skroutz-ebay-4431990665,Marketplace Manager (Amazon/Skroutz/eBay),Poudouleveis.gr,posted,2026-07-07T01:54:17.801426,358
8d56f21b27336d59,https://gr.linkedin.com/jobs/view/esg-reporting-specialist-4432735473,ESG Reporting Specialist,Poudouleveis.gr,posted,2026-07-07T01:54:25.430925,360
59f14363daa7074a,https://gr.linkedin.com/jobs/view/property-manager-4431983858,Property Manager,Poudouleveis.gr,posted,2026-07-07T01:54:32.751333,362
9f9c1737cb43c8a8,https://gr.linkedin.com/jobs/view/treasury-analyst-4433913202,Treasury Analyst,Poudouleveis.gr,posted,2026-07-07T01:54:40.259242,364
bab5f8184ff73a34,https://gr.linkedin.com/jobs/view/hotel-ambassador-4431982890,Hotel Ambassador,Poudouleveis.gr,posted,2026-07-07T01:54:44.417393,131
d6127778c5acfdca,https://gr.linkedin.com/jobs/view/bartender-4431989709,Bartender,Poudouleveis.gr,posted,2026-07-07T01:54:51.933803,366
a482a92abc6d3d8c,https://gr.linkedin.com/jobs/view/digital-signage-manager-4431995318,Digital Signage Manager,Poudouleveis.gr,posted,2026-07-07T01:54:59.537193,368
9dd2042085b1f423,https://gr.linkedin.com/jobs/view/%CF%80%CF%81%CE%BF%CF%83%CF%89%CF%80%CE%B9%CE%BA%CE%BF-%CE%B5%CF%83%CF%84%CE%B9%CE%B1%CF%84%CE%BF%CF%81%CE%B9%CE%BF%CF%85-%CE%B4%CF%85%CF%84%CE%B9%CE%BA%CE%BF%CF%83-%CF%84%CE%BF%CE%BC%CE%B5%CE%B1%CF%83-%CE%B1%CE%B8%CE%B7%CE%BD%CF%89%CE%BD-4433721515,ΠΡΟΣΩΠΙΚΟ ΕΣΤΙΑΤΟΡΙΟΥ - ΔΥΤΙΚΟΣ ΤΟΜΕΑΣ ΑΘΗΝΩΝ,Poudouleveis.gr,posted,2026-07-07T01:55:07.350827,370
c109a7fb234de09d,https://gr.linkedin.com/jobs/view/%CF%80%CF%81%CE%BF%CF%83%CF%89%CF%80%CE%B9%CE%BA%CE%BF-%CE%B5%CF%83%CF%84%CE%B9%CE%B1%CF%84%CE%BF%CF%81%CE%B9%CE%BF%CF%85-%CE%B4%CF%85%CF%84%CE%B9%CE%BA%CE%BF%CF%83-%CF%84%CE%BF%CE%BC%CE%B5%CE%B1%CF%83-%CE%B1%CE%B8%CE%B7%CE%BD%CF%89%CE%BD-4433716672,ΠΡΟΣΩΠΙΚΟ ΕΣΤΙΑΤΟΡΙΟΥ - ΔΥΤΙΚΟΣ ΤΟΜΕΑΣ ΑΘΗΝΩΝ,Poudouleveis.gr,scraped,2026-07-07T01:55:10.928198,
c2e9087e586a57fa,https://gr.linkedin.com/jobs/view/%CF%80%CF%81%CE%BF%CF%83%CF%89%CF%80%CE%B9%CE%BA%CE%BF-%CE%B5%CF%83%CF%84%CE%B9%CE%B1%CF%84%CE%BF%CF%81%CE%B9%CE%BF%CF%85-%CE%B4%CF%85%CF%84%CE%B9%CE%BA%CE%BF%CF%83-%CF%84%CE%BF%CE%BC%CE%B5%CE%B1%CF%83-%CE%B1%CE%B8%CE%B7%CE%BD%CF%89%CE%BD-4433712684,ΠΡΟΣΩΠΙΚΟ ΕΣΤΙΑΤΟΡΙΟΥ - ΔΥΤΙΚΟΣ ΤΟΜΕΑΣ ΑΘΗΝΩΝ,Poudouleveis.gr,scraped,2026-07-07T01:55:14.495287,
3c74b91a066c9595,https://gr.linkedin.com/jobs/view/master-data-management-mdm-specialist-4431995303,Master Data Management (MDM) Specialist,Poudouleveis.gr,posted,2026-07-07T01:55:22.443991,372
0e190d37ffd8c425,https://gr.linkedin.com/jobs/view/sales-stylist-at-levi-strauss-co-4384957746,Sales Stylist,,scraped,2026-07-07T01:55:25.089117,
a452f3ec593ba637,https://gr.linkedin.com/jobs/view/growth-strategy-advisor-4432719852,Growth Strategy Advisor,Poudouleveis.gr,posted,2026-07-07T01:55:45.825294,374
3635035025d96ffc,https://gr.linkedin.com/jobs/view/government-relations-manager-4432737332,Government Relations Manager,Poudouleveis.gr,posted,2026-07-07T01:55:53.268238,376
a04218d05dce9648,https://gr.linkedin.com/jobs/view/product-manager-loyalty-gamification-4431997101,"Product Manager, Loyalty & Gamification",Poudouleveis.gr,posted,2026-07-07T01:56:01.158830,378
b6deedc6f0160082,https://gr.linkedin.com/jobs/view/hotel-social-wifi-connectivity-manager-4431996209,Hotel Social WiFi & Connectivity Manager,Poudouleveis.gr,posted,2026-07-07T01:56:08.884358,380
be1fc19166830439,https://gr.linkedin.com/jobs/view/hotel-welcome-ambassador-4432300009,Hotel Welcome Ambassador,Poudouleveis.gr,posted,2026-07-07T01:56:16.284461,382
3dba229c0cf7b25f,https://gr.linkedin.com/jobs/view/bug-bounty-program-manager-4431977997,Bug Bounty Program Manager,Poudouleveis.gr,posted,2026-07-07T01:56:23.798303,384
73d569bba4475418,https://gr.linkedin.com/jobs/view/marathon-athletic-event-liaison-4431983872,Marathon & Athletic Event Liaison,Poudouleveis.gr,posted,2026-07-07T01:56:30.893445,386
750150a61498a50c,https://gr.linkedin.com/jobs/view/loader-at-extra-transport-and-logistics-services-4432778029,LOADER,,scraped,2026-07-07T01:56:33.481521,
795eae2b44e3e08d,https://gr.linkedin.com/jobs/view/%CE%BC%CE%BF%CE%BD%CF%84%CE%B1%CE%B4%CF%8C%CF%81%CE%BF%CF%82-%CE%BF%CE%B9%CE%BD%CF%8C%CF%86%CF%85%CF%84%CE%B1-4432737330,Μονταδόρος (Οινόφυτα),Poudouleveis.gr,posted,2026-07-07T01:56:45.210991,388
7d0c19f61f814e62,https://gr.linkedin.com/jobs/view/pms-administrator-planned-maintenance-system-administrator-at-pavimar-4436373714,PMS Administrator (Planned Maintenance System Administrator),,scraped,2026-07-07T01:56:47.899480,
2aa1601fbdff9744,https://gr.linkedin.com/jobs/view/front-office-manager-domes-of-corfu-at-domes-resorts-4436705258,Front Office Manager - Domes of Corfu,,scraped,2026-07-07T01:56:55.003908,
006f21c356422913,https://gr.linkedin.com/jobs/view/sales-representative-public-hospitals-at-antisel-4432382594,Sales Representative Public Hospitals,,scraped,2026-07-07T01:57:03.138416,
aad2455d4f0ab7fa,https://gr.linkedin.com/jobs/view/hotel-graduate-program-manager-4431993625,Hotel Graduate Program Manager,Poudouleveis.gr,posted,2026-07-07T01:57:15.484028,390
821a7376d32f5401,https://gr.linkedin.com/jobs/view/loss-prevention-manager-4431983880,Loss Prevention Manager,Poudouleveis.gr,posted,2026-07-07T01:57:23.679527,392
005b462b19fb2dda,https://gr.linkedin.com/jobs/view/content-creator-photographer-4431983860,Content Creator & Photographer,Poudouleveis.gr,posted,2026-07-07T01:57:30.958797,394
2560cf85c1f03ea3,https://gr.linkedin.com/jobs/view/collections-agent-at-cepal-hellas-financial-services-s-a-4437180761,Collections Agent,,scraped,2026-07-07T01:57:33.572098,
adaf362c585c1bdc,https://gr.linkedin.com/jobs/view/social-media-manager-4431992684,Social Media Manager,Poudouleveis.gr,posted,2026-07-07T01:57:46.545898,396
de432767b5674201,https://gr.linkedin.com/jobs/view/consulting-associate-4432737348,Consulting Associate,Poudouleveis.gr,posted,2026-07-07T01:57:54.487665,398
405d55f2539deddc,https://gr.linkedin.com/jobs/view/%CF%80%CF%81%CE%BF%CF%83%CF%89%CF%80%CE%B9%CE%BA%CE%BF-%CE%B5%CF%83%CF%84%CE%B9%CE%B1%CF%84%CE%BF%CF%81%CE%B9%CE%BF%CF%85-%CE%BB%CE%B1%CF%81%CE%B9%CF%83%CE%B1-4433732019,ΠΡΟΣΩΠΙΚΟ ΕΣΤΙΑΤΟΡΙΟΥ - ΛΑΡΙΣΑ,Poudouleveis.gr,posted,2026-07-07T01:58:02.814113,400
1cdde0ba5d4d2676,https://gr.linkedin.com/jobs/view/assistant-buyer-4432301041,Assistant Buyer,Poudouleveis.gr,posted,2026-07-07T01:58:10.472260,402
aa35695e100fe90a,https://gr.linkedin.com/jobs/view/backend-developer-4433906496,Backend Developer,Poudouleveis.gr,posted,2026-07-07T01:58:18.134035,404
f81f797c91f7e62a,https://gr.linkedin.com/jobs/view/learning-development-manager-4431998040,Learning & Development Manager,Poudouleveis.gr,posted,2026-07-07T01:58:26.344784,406
3baf931c167ceddb,https://gr.linkedin.com/jobs/view/brand-manager-4431982907,Brand Manager,Poudouleveis.gr,posted,2026-07-07T01:58:34.257590,408
31388b3a69d7a25b,https://gr.linkedin.com/jobs/view/toolcare-technician-%CE%BA%CF%8C%CF%81%CE%B9%CE%BD%CE%B8%CE%BF%CF%82-4431991672,Toolcare Technician - Κόρινθος,Poudouleveis.gr,posted,2026-07-07T01:58:42.179579,410
d9932ee33a0e451e,https://gr.linkedin.com/jobs/view/digital-banking-manager-at-wherewework-jobs-4436083912,Digital Banking Manager,wherewework Jobs,posted,2026-07-07T01:58:54.788591,412
fc1562172c594c33,https://gr.linkedin.com/jobs/view/sales-advisor-%E2%80%93-vodafone-%CE%AC%CE%BD%CE%BF%CE%B9%CE%BE%CE%B7-at-wherewework-jobs-4436046112,Sales Advisor – Vodafone (Άνοιξη),wherewework Jobs,posted,2026-07-07T01:59:06.965681,414
48646ab9df9a03d6,https://gr.linkedin.com/jobs/view/site-engineer-integrated-resort-complex-elliniko-at-gek-terna-group-of-companies-4435107829,Site Engineer (Integrated Resort Complex Elliniko),,scraped,2026-07-07T01:59:09.532680,
dbc69a3c36631f96,https://gr.linkedin.com/jobs/view/junior-pre-event-trader-general-sports-at-novibet-4434612592,Junior Pre-Event Trader (General Sports),,scraped,2026-07-07T01:59:16.900605,
4ce23870cca2ffb7,https://gr.linkedin.com/jobs/view/%CF%83%CF%85%CE%BD%CF%84%CE%BF%CE%BD%CE%B9%CF%83%CF%84%CE%AE%CF%82-%CE%B5%CF%83%CF%89%CF%84%CE%B5%CF%81%CE%B9%CE%BA%CE%AE%CF%82-%CE%B4%CE%B9%CE%B1%CE%BC%CF%8C%CF%81%CF%86%CF%89%CF%83%CE%B7%CF%82-at-wherewework-jobs-4436201220,Συντονιστής Εσωτερικής Διαμόρφωσης,wherewework Jobs,failed|wp_post_failed,2026-07-07T01:59:28.973159,
6542f9c7ae1ad159,https://gr.linkedin.com/jobs/view/robotics-deployment-engineer-at-progressive-robotics-4436315720,Robotics Deployment Engineer,,scraped,2026-07-07T01:59:31.613392,
bb811d67a8e5779e,https://gr.linkedin.com/jobs/view/junior-accounting-finance-associate-at-flexcar-4437418101,(Junior) Accounting & Finance Associate,,scraped,2026-07-07T01:59:38.958804,
7ab1417247579c94,https://gr.linkedin.com/jobs/view/spanish-speaking-customer-expert-for-norton-motorcycles-at-wherewework-jobs-4434985901,Spanish-speaking Customer Expert for Norton Motorcycles,wherewework Jobs,posted,2026-07-07T01:59:57.089962,416
5ebf7faf69669ecc,https://gr.linkedin.com/jobs/view/%CF%83%CF%8D%CE%BC%CE%B2%CE%BF%CF%85%CE%BB%CE%BF%CE%B9-%CE%B5%CE%BE%CF%85%CF%80%CE%B7%CF%81%CE%AD%CF%84%CE%B7%CF%83%CE%B7%CF%82-%CF%80%CE%B5%CE%BB%CE%B1%CF%84%CF%8E%CE%BD-%CE%B3%CE%B9%CE%B1-%CF%84%CF%85%CF%87%CE%B5%CF%81%CE%AC-%CF%80%CE%B1%CE%B9%CF%87%CE%BD%CE%AF%CE%B4%CE%B9%CE%B1-at-wherewework-jobs-4435570261,Σύμβουλοι εξυπηρέτησης πελατών για τυχερά παιχνίδια,wherewework Jobs,failed|wp_post_failed,2026-07-07T02:00:04.427263,
9cf71e75f39506d5,https://gr.linkedin.com/jobs/view/senior-project-manager-delivery-at-ruby-labs-4437405049,Senior Project Manager (Delivery),,scraped,2026-07-07T02:00:07.120864,
adf9b231e1355526,https://gr.linkedin.com/jobs/view/%CF%84%CE%B1%CE%BC%CE%AF%CE%B1%CF%82-%CE%BC%CE%B5%CF%81%CE%B9%CE%BA%CE%AE%CF%82-%CE%B1%CF%80%CE%B1%CF%83%CF%87%CF%8C%CE%BB%CE%B7%CF%83%CE%B7%CF%82-%CE%BC%CE%B1%CF%81%CE%BF%CF%8D%CF%83%CE%B9-mall-at-kotsovolos-%CE%BA%CF%89%CF%84%CF%83%CF%8C%CE%B2%CE%BF%CE%BB%CE%BF%CF%82-4436215483,Ταμίας μερικής απασχόλησης - Μαρούσι Mall,Kotsovolos-Κωτσόβολος,posted,2026-07-07T02:00:44.287814,418
f4527f76c5cd224e,https://gr.linkedin.com/jobs/view/vacation-rental-operations-coordinator-4431986820,Vacation Rental Operations Coordinator,Poudouleveis.gr,posted,2026-07-07T02:00:52.149988,420
46d2c7d64e541b7d,https://gr.linkedin.com/jobs/view/health-insurance-advisor-4432735479,Health Insurance Advisor,Poudouleveis.gr,posted,2026-07-07T02:01:00.004587,422
eb8ca7bf7d36f512,https://gr.linkedin.com/jobs/view/private-dining-coordinator-4432301032,Private Dining Coordinator,Poudouleveis.gr,posted,2026-07-07T02:01:08.433881,424
5afb26f8cae22a67,https://gr.linkedin.com/jobs/view/associate-director-4432722706,Associate Director,Poudouleveis.gr,posted,2026-07-07T02:01:16.273486,426
02e0688685cfd476,https://gr.linkedin.com/jobs/view/store-manager-4433922049,Store Manager,Poudouleveis.gr,posted,2026-07-07T02:01:20.476514,181
18f2f259d6bec2e6,https://gr.linkedin.com/jobs/view/website-content-manager-4431996232,Website Content Manager,Poudouleveis.gr,posted,2026-07-07T02:01:28.324652,428
779d7daf3af807e9,https://gr.linkedin.com/jobs/view/head-of-cultural-programming-4431996243,Head of Cultural Programming,Poudouleveis.gr,posted,2026-07-07T02:01:35.831015,430
a06a58fc6b7d0943,https://gr.linkedin.com/jobs/view/digital-strategy-consultant-4432723722,Digital Strategy Consultant,Poudouleveis.gr,posted,2026-07-07T02:01:43.459232,432
29f9f9cc568c554e,https://gr.linkedin.com/jobs/view/mortgage-underwriter-4432737337,Mortgage Underwriter,Poudouleveis.gr,posted,2026-07-07T02:01:51.107466,434
c61f6de7695931cf,https://gr.linkedin.com/jobs/view/kundeservicemedarbejder-%E2%80%93-athen-at-savior-artigos-texteis-lda-4435406202,Kundeservicemedarbejder – Athen,,scraped,2026-07-07T02:01:53.624535,
9db092b377cacb8d,https://gr.linkedin.com/jobs/view/business-analyst-at-pwc-greece-4413348109,Business Analyst,,scraped,2026-07-07T02:02:03.279685,
bcf41c915b9e5a68,https://gr.linkedin.com/jobs/view/outdoor-events-catering-coordinator-at-wherewework-jobs-4435076794,Outdoor Events Catering Coordinator,wherewework Jobs,posted,2026-07-07T02:02:22.681505,436
86b9fc97e0d1a349,https://gr.linkedin.com/jobs/view/finance-transformation-erp-manager-at-hatzi-filax-group-training-hr-consulting-academy-4437400516,Finance Transformation & ERP Manager,,scraped,2026-07-07T02:02:25.453610,
bad64401a57190e7,https://gr.linkedin.com/jobs/view/social-media-marketing-specialist-at-osteostrong-greece-4433967221,Social Media Marketing Specialist,,scraped,2026-07-07T02:02:32.237507,
8ae1d8a78b7024e2,https://gr.linkedin.com/jobs/view/%CF%80%CF%81%CE%BF%CF%83%CF%89%CF%80%CE%B9%CE%BA%CF%8C-%CF%86%CF%8D%CE%BB%CE%B1%CE%BE%CE%B7%CF%82-at-hb-body-group-4433787597,Προσωπικό Φύλαξης,,scraped,2026-07-07T02:02:40.597611,
28f99fb15c9114c7,https://gr.linkedin.com/jobs/view/%CF%83%CF%8D%CE%BC%CE%B2%CE%BF%CF%85%CE%BB%CE%BF%CE%B9-%CE%B5%CE%BE%CF%85%CF%80%CE%B7%CF%81%CE%AD%CF%84%CE%B7%CF%83%CE%B7%CF%82-%CF%80%CE%B5%CE%BB%CE%B1%CF%84%CF%8E%CE%BD-%CE%B3%CE%B9%CE%B1-%CE%B7%CE%BB%CE%B5%CE%BA%CF%84%CF%81%CE%BF%CE%BD%CE%B9%CE%BA%CE%AD%CF%82-%CF%83%CF%85%CE%BD%CE%B1%CE%BB%CE%BB%CE%B1%CE%B3%CE%AD%CF%82-at-wherewework-jobs-4435779987,Σύμβουλοι εξυπηρέτησης πελατών για ηλεκτρονικές συναλλαγές,wherewework Jobs,failed|wp_post_failed,2026-07-07T02:02:53.242243,
06b66803b62ded19,https://gr.linkedin.com/jobs/view/accountant-at-sme-careers-4425613812,Accountant,,scraped,2026-07-07T02:02:55.884725,
da39d4ea6a6d61fe,https://gr.linkedin.com/jobs/view/snorkeling-marine-life-tour-guide-at-wherewework-jobs-4435449270,Snorkeling & Marine Life Tour Guide,wherewework Jobs,posted,2026-07-07T02:03:14.905734,153
111472068c455da3,https://gr.linkedin.com/jobs/view/spanish-speaking-consumer-experts-for-jti-at-wherewework-jobs-4434997034,Spanish-Speaking Consumer Experts for JTI,wherewework Jobs,posted,2026-07-07T02:03:29.495560,438
